x,y,z,s
10.5864162983422,2.63070104125979,0,0
15.8585740471181,3.22145593431941,0,0
21.1335077286137,3.81293845181873,0,0
21.1332275427765,3.81290702102594,0,0
26.4108032240276,4.40518801481513,0,0
31.6909945517507,4.99836546871742,0,0
31.6906027803134,4.99832143099112,0,0
36.9732652827351,5.59247946405636,0,0
42.258389103221,6.18777439592104,0,0
42.2578296158215,6.18771132436031,0,0
47.5452514696179,6.78427000826932,0,0
52.8349773773895,7.38225959051142,0,0
52.8342337090569,7.38217542681858,0,0
58.1260896969748,7.98174283971603,0,0
63.4200870143491,8.58305983949285,0,0
63.4191428179637,8.58295244177773,0,0
68.7150788609694,9.18618882643899,0,0
74.0129676421796,9.79156076022323,0,0
74.0117776011355,9.79142453756432,0,0
79.311371112162,10.3991348392737,0,0
84.6126830326587,11.0094603179584,0,0
84.6111890190651,11.0092879368437,0,0
89.9139294402848,11.6224713809245,0,0
95.218108304983,12.2388005962673,0,0
95.216271253861,12.238586562706,0,0
100.521524677722,12.8583553925611,0,0
105.827854890357,13.481926196323,0,0
105.825603097662,13.4816607153411,0,0
111.13257257831,14.1093729432753,0,0
116.440167789445,14.7416456358071,0,0
116.437436152073,14.7413189565083,0,0
121.74512792416,15.3785394506223,0,0
127.05287908825,16.0212115779175,0,0
127.049556545226,16.0208073978843,0,0
132.356699258437,16.6694135849905,0,0
137.663176556664,17.3245605531695,0,0
137.659147301367,17.3240603263153,0,0
142.964142631442,17.9863133392393,0,0
148.267564626877,18.6564034675245,0,0
148.262677693556,18.6557819248345,0,0
153.56351625986,19.3343888710377,0,0
158.861642291467,20.0224002336978,0,0
158.855704708158,20.0216231575601,0,0
164.149867178897,20.7198652391642,0,0
169.440348019462,21.4296155781212,0,0
169.432919601239,21.4286095635705,0,0
174.718736535528,22.1511795319346,0,0
180.000577753066,22.8882576256427,0,0
179.991306502723,22.8869490798714,0,0
185.267970847151,23.6400940146529,0,0
190.540213257414,24.4113226239169,0,0
190.528744975491,24.4096224022944,0,0
195.795036077088,25.200768078322,0,0
201.056147961242,26.014224892526,0,0
201.042100904284,26.012018900624,0,0
206.292709567903,26.849323914592,0,0
211.528412633727,27.7245123760141,0,0
211.498061135145,27.7192787164441,0,0
216.698033796964,28.6433812087907,0,0
221.856579880619,29.6305029599131,0,0
221.808671106786,29.6209308895485,0,0
226.901513336209,30.6815184004047,0,0
231.92173108356,31.831051264411,0,0
231.873459505264,31.8195785486976,0,0
234.337341666006,32.4266617338493,0,0
236.772191223087,33.063260312042,0,0
239.163017645545,33.7242874255085,0,0
241.564722635069,34.4245186866982,0,0
241.518186091358,34.4105422704115,0,0
243.861727670964,35.1349654063265,0,0
246.161827668567,35.8972185033626,0,0
248.416394016553,36.6948161892541,0,0
250.682884178747,37.5478790906792,0,0
250.629273483023,37.5271162350972,0,0
252.110457229634,38.1170113846678,0,0
253.555345111255,38.7233579825976,0,0
254.988959593333,39.3559807057663,0,0
256.409003809844,40.0138078664279,0,0
257.816854452548,40.6974185192126,0,0
259.236326231465,41.4190696086113,0,0
259.187592567465,41.3937344651851,0,0
260.246082280296,41.9562596179896,0,0
261.272958383457,42.5243655297156,0,0
262.290172697621,43.1095952826484,0,0
263.297035536445,43.7115384575543,0,0
264.31314500496,44.3425763819716,0,0
265.31793575539,44.9906130075122,0,0
266.311518955799,45.6557056541431,0,0
267.31457355622,46.3523540004142,0,0
267.270681744831,46.3212890664452,0,0
268.288408206415,47.055208403249,0,0
269.269214593925,47.7913269563618,0,0
270.235890205999,48.5459062096407,0,0
271.187665906584,49.3183259356362,0,0
272.14336531348,50.1247530814296,0,0
273.08288965545,50.9491383956443,0,0
274.006310174043,51.7915231183898,0,0
274.934216796598,52.6716380191266,0,0
274.889120025522,52.627968178727,0,0
275.611850330498,53.3424584666408,0,0
276.302296253549,54.050521968141,0,0
276.979736220405,54.7710388177017,0,0
277.643945821961,55.5037702470455,0,0
278.295053995987,56.2488801773778,0,0
278.919421532328,56.9899378955109,0,0
279.530804117131,57.7424351250084,0,0
280.128657928373,58.5057253146543,0,0
280.712792413933,59.2795650491931,0,0
281.298671811572,60.0854325659708,0,0
281.272730982352,60.0491976066758,0,0
281.733038473152,60.7021904219546,0,0
282.168695114442,61.3423857123601,0,0
282.593812828959,61.9896274085917,0,0
283.008277445157,62.6437418803212,0,0
283.411977984239,63.3045539007363,0,0
283.802992506474,63.9687423681184,0,0
284.242157987168,64.7456581114581,0,0
284.664893021766,65.527511254807,0,0
285.072862057418,66.3171696652129,0,0
285.465920969947,67.1143545676441,0,0
285.855798999689,67.9443515648712,0,0
285.831324795881,67.8909151350986,0,0
286.127216772864,68.553754564673,0,0
286.400899735677,69.1973975079556,0,0
286.663181847868,69.8457699995164,0,0
286.913981273031,70.498669792293,0,0
287.153219942348,71.15589387026,0,0
287.381139314082,71.8181817218051,0,0
287.588812491761,72.4574025691277,0,0
287.785899596206,73.1010077728792,0,0
287.972027693739,73.7478671455064,0,0
288.147143251595,74.3977944594063,0,0
288.311195710399,75.0506019232648,0,0
288.469820883181,75.7309352605545,0,0
288.455295678357,75.6653735446413,0,0
288.671235189522,76.6938831701908,0,0
288.863835881462,77.7000050314214,0,0
289.038603330223,78.7093773788714,0,0
289.195404396077,79.7211460241377,0,0
289.337084657972,80.7574307561714,0,0
289.459960530155,81.795565178769,0,0
289.56407041984,82.8357493459642,0,0
289.651469172647,83.9046506333645,0,0
289.648077427494,83.8589355033697,0,0
289.74594957363,85.3284622516181,0,0
289.815389041725,86.7720476258234,0,0
289.858315467993,88.2161777605865,0,0
289.874795891342,89.6873679017058,0,0
289.863797563322,91.1581227190663,0,0
289.824470819054,92.6564168992799,0,0
289.826342690214,92.6030418789817,0,0
289.759483484567,94.1250291115663,0,0
289.670818151061,95.6231242471765,0,0
289.559477408061,97.1194201083957,0,0
289.423598856126,98.6330858366326,0,0
289.264532221486,100.144205164646,0,0
289.079442868908,101.675550941192,0,0
289.085298577766,101.630009852068,0,0
288.766008829167,103.971944264577,0,0
288.416954456012,106.287874240106,0,0
288.027314757665,108.64538557781,0,0
287.600088540469,111.017811864756,0,0
287.606446855807,110.983633820234,0,0
286.670177077941,115.859405141229,0,0
285.650077979425,120.850802120097,0,0
285.656276040133,120.821232915048,0,0
284.561517398203,125.916281429721,0,0
283.397456179575,131.09199263939,0,0
283.403775473311,131.064499114434,0,0
282.174581137131,136.299685483197,0,0
280.879507856897,141.578053430246,0,0
280.887176102372,141.547493191889,0,0
279.526271122537,146.853083421273,0,0
278.102096088785,152.178221123768,0,0
278.109594649215,152.150707068488,0,0
276.626253318838,157.493336952451,0,0
275.088268576769,162.848346179934,0,0
275.095219942429,162.824514288668,0,0
273.505966027678,168.190462718825,0,0
271.869126629817,173.56333422739,0,0
271.875578620849,173.542429217364,0,0
270.193911899465,178.921549895332,0,0
268.47090415225,184.304507827866,0,0
268.476439978307,184.287389780626,0,0
266.715404172596,189.677691289434,0,0
264.920780041028,195.074984249967,0,0
264.92506984479,195.062179018217,0,0
263.099683030423,200.470600182973,0,0
261.247861392526,205.890945337814,0,0
261.250650772223,205.882818761339,0,0
259.375294316913,211.321111494294,0,0
257.480807688404,216.779076153828,0,0
257.481979460139,216.775706776388,0,0
255.571087918313,222.25987866312,0,0
253.647408262838,227.771910408926,0,0
253.647463162815,227.771753114845,0,0
251.713216907984,233.313074638101,0,0
249.764158042392,238.875904590823,0,0
249.768270387316,238.864244550742,0,0
247.797293750891,244.416281632907,0,0
245.785079328712,249.936253310414,0,0
245.800095409972,249.895959947725,0,0
243.73390343855,255.321697759769,0,0
241.575482348883,260.612588537183,0,0
241.596885836947,260.561472293157,0,0
240.868522947015,262.257101984135,0,0
240.122160979735,263.917521652721,0,0
239.347887807861,265.566003769213,0,0
238.573296906107,267.147268182718,0,0
237.772950580279,268.716561121232,0,0
236.935986230976,270.294065635803,0,0
236.966954438715,270.237181161049,0,0
236.34360071089,271.353586831493,0,0
235.713726850731,272.435147912804,0,0
235.064459738801,273.505179521608,0,0
234.395451841372,274.564200944117,0,0
233.735161330778,275.56960022865,0,0
233.056964935086,276.564257568071,0,0
232.361625104984,277.54700690346,0,0
231.633872336765,278.538453372118,0,0
231.665907337985,278.495608619445,0,0
230.944104789256,279.443407872118,0,0
230.222002173007,280.359393255723,0,0
229.48475498654,281.263234106438,0,0
228.73215864837,282.155156447524,0,0
227.985118200391,283.011535013943,0,0
227.223865499645,283.856150767,0,0
226.449009925547,284.688304452273,0,0
225.643812474419,285.525248637663,0,0
225.676728426366,285.491562372858,0,0
224.878483538312,286.295924080225,0,0
224.085016123728,287.067835704815,0,0
223.278173782438,287.825756275442,0,0
222.457798213771,288.569815086014,0,0
221.64270781685,289.283768105651,0,0
220.815101076331,289.984014062527,0,0
219.975625773567,290.669986517545,0,0
219.104295389117,291.357307401182,0,0
219.160340697589,291.314151084284,0,0
217.99321412729,292.191322927804,0,0
216.832819126614,293.028482002665,0,0
215.656225874857,293.843037317596,0,0
214.471808075474,294.629513647464,0,0
213.272271984164,295.393071276172,0,0
212.033410816372,296.148283906488,0,0
212.074899756701,296.123443133401,0,0
210.173961473113,297.240990457955,0,0
208.276363061086,298.316707095189,0,0
206.342461823537,299.372998829431,0,0
204.371129500259,300.409347755341,0,0
204.416704408531,300.385880911318,0,0
200.385122155197,302.418638933877,0,0
196.273090054629,304.366397233372,0,0
196.338912360432,304.336182409564,0,0
192.157728022957,306.194910010734,0,0
187.921377117075,307.970948257848,0,0
187.965317530593,307.952932470438,0,0
183.66152991517,309.677870761121,0,0
179.309576275564,311.380561920861,0,0
179.317995308566,311.377282552433,0,0
174.91188092782,313.085908320723,0,0
170.469756816343,314.804234208111,0,0
170.468170956789,314.804848175559,0,0
165.995212560582,316.538018365599,0,0
161.503573102442,318.286522804346,0,0
161.497117965012,318.289044249783,0,0
156.993515022057,320.054201739603,0,0
152.488958482944,321.836286933072,0,0
152.477397200063,321.840888551631,0,0
147.977248916015,323.642869090853,0,0
143.492950426254,325.467467349762,0,0
143.464771681211,325.479100190512,0,0
138.985354799654,327.355107182614,0,0
134.527245338138,329.306677943828,0,0
134.485775458213,329.325208032371,0,0
132.253857851911,330.342916726582,0,0
130.017375288673,331.399646215184,0,0
127.77980126968,332.494539724333,0,0
125.575640927671,333.610724284136,0,0
125.531895965126,333.633331242174,0,0
123.322906339443,334.798097868628,0,0
121.111499245448,336.010721813463,0,0
118.900277192548,337.27100519884,0,0
116.731277044663,338.555063028183,0,0
116.688887833164,338.580634639363,0,0
114.522723930936,339.912016221299,0,0
112.35778125464,341.293767138302,0,0
110.199942124416,342.723393024695,0,0
108.087866414218,344.17524592123,0,0
108.044071224242,344.205932128368,0,0
105.939964061199,345.708525245862,0,0
103.84153091923,347.266845492346,0,0
101.756235255877,348.876897372187,0,0
99.7233468472811,350.508268516164,0,0
99.6778625636216,350.545511511087,0,0
97.6597953469567,352.231423065157,0,0
95.6530676038128,353.977749114236,0,0
93.6668875131073,355.778335641704,0,0
91.7397585064961,357.598086703845,0,0
91.6943576007005,357.641875036613,0,0
89.7919391254102,359.51595546342,0,0
87.9070597318563,361.45207414352,0,0
86.0534000201588,363.438025074174,0,0
84.2628829281898,365.439065462175,0,0
84.221232966304,365.486617124828,0,0
82.4675031036281,367.532196529602,0,0
80.7377021492251,369.640230910708,0,0
79.0528244955093,371.786611367653,0,0
77.4341484318837,373.942903014599,0,0
77.3964001729562,373.994325316819,0,0
75.824836463338,376.183876776611,0,0
74.2815286166801,378.431613239649,0,0
72.7855960349925,380.711137932684,0,0
71.3542148041955,382.994780847203,0,0
71.3215526763351,383.048125373038,0,0
69.9384713784973,385.361118361181,0,0
68.5881788667914,387.729367666915,0,0
67.2872728039001,390.125416227594,0,0
66.0506154428736,392.520210427428,0,0
66.0225972825011,392.575887094796,0,0
64.8359797022868,394.996567486738,0,0
63.6875040463248,397.470765528087,0,0
62.5920233728912,399.968465419286,0,0
61.5618952913982,402.459353035666,0,0
61.5417186718681,402.509420475585,0,0
60.8846310989373,404.183472424349,0,0
60.2449133414014,405.888527402637,0,0
59.6310945970413,407.603076967174,0,0
59.0433004697022,409.326773601151,0,0
58.4816824929484,411.0591763716,0,0
57.9529661572922,412.778144583396,0,0
57.9394380663522,412.82339976768,0,0
57.4374102214664,414.552676070205,0,0
56.9575124300298,416.314046367799,0,0
56.5069202296608,418.083139707237,0,0
56.0857680643724,419.859423382666,0,0
55.6941601686838,421.642452845382,0,0
55.337040171609,423.407310330279,0,0
55.3260406289961,423.464540031265,0,0
55.0037591814677,425.234384167787,0,0
54.7047778324491,427.031619914756,0,0
54.4333683529983,428.833256227458,0,0
54.1893043515845,430.641161786393,0,0
53.9730063168729,432.452629661447,0,0
53.7868196005865,434.244300002061,0,0
53.7821091191209,434.293608565886,0,0
53.5478702313477,436.981085774336,0,0
53.3607514924744,439.699728223809,0,0
53.2232840614251,442.422233901833,0,0
53.1363402430115,445.119407654332,0,0
53.1351703070311,445.167986179319,0,0
53.0922418412821,447.859193388107,0,0
53.0886055254349,450.572665978857,0,0
53.1246071063064,453.281752834474,0,0
53.1995099406127,455.968075229814,0,0
53.2016372309832,456.02494283512,0,0
53.4526289028449,461.371043887989,0,0
53.82812833411,466.689117877082,0,0
53.8333218810813,466.752935364411,0,0
54.3194378468269,472.027650442431,0,0
54.9032279872979,477.259289340343,0,0
54.9094677836077,477.311101798771,0,0
55.5790651119401,482.490474971352,0,0
56.3241598415458,487.625342452834,0,0
56.3303575912199,487.666078984208,0,0
57.1406863709914,492.756504969349,0,0
58.0078147130387,497.816256800377,0,0
58.0130578405549,497.845951771166,0,0
58.9277504302727,502.878415536648,0,0
59.8828749753489,507.897604188139,0,0
59.8866037611473,507.916855645662,0,0
60.8737479096071,512.925621254406,0,0
61.8866481783786,517.935285411767,0,0
61.8886741711224,517.945219159816,0,0
62.9195694269132,522.956586745555,0,0
63.9626409510954,527.978889715204,0,0
63.9629715441883,527.98047933083,0,0
65.0109406311533,533.012675837494,0,0
66.0582593467642,538.057612293469,0,0
66.0572170080111,538.052569605081,0,0
67.0969681178159,543.104592482809,0,0
68.1234992701326,548.164773356375,0,0
68.121097432659,548.152808941954,0,0
69.1270782138379,553.21725933569,0,0
70.1063548195947,558.29209147707,0,0
70.1024962956219,558.271717747909,0,0
71.0470956269945,563.355266195467,0,0
71.9501916114905,568.454990180588,0,0
71.9450968424066,568.425357126703,0,0
72.7980540824106,573.539513118187,0,0
73.5932309926474,578.67473611771,0,0
73.5874599901815,578.635780596321,0,0
74.3159990407325,583.785995411357,0,0
74.9696263639884,588.951247360068,0,0
74.9641374690512,588.904997662774,0,0
75.5377645175759,594.08071808689,0,0
76.0356964055986,599.26403374174,0,0
76.0320180481182,599.222756625369,0,0
76.4585179344482,604.413278031249,0,0
76.8159101354894,609.608673295026,0,0
76.8134913809368,609.569843247426,0,0
77.103834121838,614.773662098795,0,0
77.3323159632018,619.986693371517,0,0
77.3310555844803,619.953826555504,0,0
77.5028729793856,625.181554974189,0,0
77.6222187869914,630.423573969184,0,0
77.6217178486788,630.396018168362,0,0
77.6931891516467,635.65536768146,0,0
77.7211092477386,640.92792666088,0,0
77.7210741618452,640.90552150772,0,0
77.7096290525292,646.191926033108,0,0
77.6624344028449,651.488442967162,0,0
77.6626526139016,651.470184141304,0,0
77.583084237601,656.777302737982,0,0
77.4741385051255,662.091982848968,0,0
77.4744827890298,662.077010191378,0,0
77.3388035992692,667.399792334099,0,0
77.1785892757781,672.729078116916,0,0
77.1789941493167,672.716489823628,0,0
76.9961400568278,678.053253912785,0,0
76.792368041854,683.396396726734,0,0
76.7927951702369,683.385698007574,0,0
76.5696343218872,688.735985262644,0,0
76.3284882838047,694.092458886723,0,0
76.3289148814679,694.08329479378,0,0
76.0710410418727,699.446408073342,0,0
75.7976677486069,704.814992459307,0,0
75.7980783286893,704.807132311357,0,0
75.5102977983213,710.181111477858,0,0
75.2091429761094,715.559237787166,0,0
75.2095321469655,715.552426541552,0,0
74.8958819379858,720.934480474447,0,0
74.5705541344299,726.319327865049,0,0
74.5709239193966,726.313307670477,0,0
74.2345809205899,731.70057540963,0,0
73.8878058630842,737.089311346777,0,0
73.8881669086659,737.083780558245,0,0
73.5313139599787,742.473759299477,0,0
73.1645271984631,747.864737545564,0,0
73.1649004857712,747.85932332135,0,0
72.788256783322,753.251169614083,0,0
72.4017698828168,758.643588513033,0,0
72.4021641320984,758.638156915895,0,0
72.0058297382833,764.030705992224,0,0
71.5996153887742,769.422856323797,0,0
71.6000373341821,769.417323648223,0,0
71.1838866682129,774.808277872364,0,0
70.7577182025165,780.197224969407,0,0
70.7581762807511,780.191502182928,0,0
70.3218916359159,785.577240588881,0,0
69.875269623354,790.958766405863,0,0
69.8757903096546,790.9525703397,0,0
69.4184021064182,796.32865180379,0,0
68.9494513113556,801.69906622086,0,0
68.9500895072638,801.691857917527,0,0
68.4686981590691,807.055466124833,0,0
67.9737084572076,812.412320400606,0,0
67.9745154864195,812.403721671283,0,0
67.4647474580375,817.752468656817,0,0
66.9386610680085,823.093292621371,0,0
66.9397046309492,823.08288434232,0,0
66.3957951383016,828.414129337579,0,0
65.8321429138259,833.736062962799,0,0
65.8335104143397,833.723407475236,0,0
65.2482808218984,839.033964457471,0,0
64.6391145373399,844.333416276723,0,0
64.6409262401596,844.318006486875,0,0
64.0056413150298,849.603744008997,0,0
63.3413833648535,854.875944948686,0,0
63.3441026504042,854.854958715887,0,0
62.6450026618801,860.105132259231,0,0
61.9043414531413,865.33141712291,0,0
61.9086047213108,865.302358016784,0,0
61.1210234145572,870.493890172863,0,0
60.2793712425714,875.647564608681,0,0
60.2858959713105,875.609177417061,0,0
59.3845062890135,880.712158359706,0,0
58.4150905224985,885.760760913158,0,0
58.425089586399,885.710962766084,0,0
57.381590877501,890.689830440745,0,0
56.2542580830398,895.594386902894,0,0
56.2696995839038,895.530420751542,0,0
55.0526000622541,900.341296327793,0,0
53.7334491450564,905.053622623248,0,0
53.7505639675758,904.994794025872,0,0
53.0553450942502,907.296953421215,0,0
52.3282653514874,909.562468082596,0,0
51.5722733444051,911.786496355545,0,0
50.76973252327,914.021625732975,0,0
50.7865394777096,913.975977675818,0,0
50.2343869091974,915.439208044948,0,0
49.6678591151175,916.87155466869,0,0
49.0788362445156,918.294810882539,0,0
48.4677830302015,919.707901188079,0,0
47.8345542358154,921.111206957317,0,0
47.169176316249,922.525700235405,0,0
47.1934712347367,922.475271907798,0,0
46.4969077277427,923.887593068162,0,0
45.7862051295336,925.259859781399,0,0
45.0491239182295,926.617314306788,0,0
44.2656792575752,927.99434670024,0,0
43.4551306010963,929.354756653751,0,0
42.6014034972746,930.724091426501,0,0
42.6308265831463,930.677835358576,0,0
41.9513182833157,931.725024481657,0,0
41.2684006163937,932.740741228454,0,0
40.5690635109625,933.745223343821,0,0
39.8538449884135,934.737723824257,0,0
39.1037461361951,935.743320728634,0,0
38.3373668875402,936.735811331553,0,0
37.5545664642354,937.715402084931,0,0
36.7395649204596,938.701007183312,0,0
36.7666972694669,938.668656114406,0,0
36.1015263392339,939.450685557946,0,0
35.4398303255027,940.202842599537,0,0
34.7657566510461,940.943927125934,0,0
34.0794904779171,941.673735442902,0,0
33.3811277573652,942.392160852642,0,0
32.6749285309236,943.095014488438,0,0
31.9571416047869,943.78621974259,0,0
31.2280546153355,944.465495098954,0,0
30.4878658662027,945.132655873366,0,0
29.7180658771381,945.803698936542,0,0
29.7787446711562,945.752194614042,0,0
28.998661770897,946.396877546369,0,0
28.2279968649329,947.010965615063,0,0
27.4465665391197,947.611294949139,0,0
26.6546164648761,948.197676976765,0,0
25.8521555802951,948.770095248854,0,0
25.0491588446374,949.3217972465,0,0
24.236369942604,949.859499615588,0,0
23.4142785991261,950.382869134001,0,0
22.5831376686389,950.891744898211,0,0
21.7204772376898,951.399208443925,0,0
21.7234693056814,951.397450212712,0,0
21.2789241306476,951.658453824201,0,0
20.8518238822244,951.899612734944,0,0
20.4207604675829,952.13361392466,0,0
19.9858538325109,952.360392329774,0,0
19.547225110458,952.579884735349,0,0
19.1049960832026,952.792030200451,0,0
18.6592898760206,952.996769712804,0,0
18.210230615313,953.1940462249,0,0
17.7581683360938,953.383712625268,0,0
17.2981109774936,953.567726902752,0,0
16.8352463293955,953.743878151529,0,0
16.3694807628138,953.912208542275,0,0
15.9009456913937,954.072670506362,0,0
15.4297746289984,954.225218573989,0,0
14.9561013767032,954.369809122892,0,0
14.4800597942372,954.506401499828,0,0
13.9773592066774,954.641412064604,0,0
14.0447773632765,954.624126747506,0,0
13.7230433889743,954.702775407694,0,0
13.4262780714076,954.769564909479,0,0
13.1283575194023,954.830998312711,0,0
12.8293787764809,954.887055567333,0,0
12.5294389163119,954.937718497108,0,0
12.2286349579093,954.982970668363,0,0
11.9270650922209,955.022797406906,0,0
11.6248265445365,955.057185692915,0,0
11.3220176471522,955.086124573562,0,0
11.018736904838,955.109604398629,0,0
10.7131649912243,955.127714792697,0,0
10.4327490573307,955.13944856512,0,0
10.1502581519437,955.146553482285,0,0
9.86768778023485,955.148930503068,0,0
9.58511670946841,955.14657903352,0,0
9.30262458818264,955.139499749938,0,0
9.02029059482629,955.127694606312,0,0
8.73819385190835,955.111166926218,0,0
8.45641295786205,955.089921264463,0,0
8.1750273020151,955.063963703498,0,0
7.89411524733678,955.033301316863,0,0
7.58886558980478,954.994697972659,0,0
7.53093540896981,954.987963294697,0,0
7.09375318771853,954.941550513701,0,0
6.68282516181387,954.890721482412,0,0
6.2728233104732,954.832892548831,0,0
5.86386739499201,954.76808080815,0,0
5.45607619874947,954.696304817761,0,0
5.0495681297823,954.61758566765,0,0
4.64446149002593,954.531946044886,0,0
4.24081305783594,954.439396532798,0,0
3.83990517104014,954.340259181713,0,0
3.44068090926454,954.234301123546,0,0
3.04331709522633,954.121567492372,0,0
2.64792840166749,954.002090876641,0,0
2.25462887230919,953.875905681444,0,0
1.86353276088731,953.743048729553,0,0
1.47475359965408,953.603558406454,0,0
1.06457437308526,953.448348914733,0,0
1.12861899346053,953.473407664401,0,0
0.455320968575145,953.201144837261,0,0
-0.189586422843751,952.927332936853,0,0
-0.82972026597774,952.642539831592,0,0
-1.46489349295698,952.346848579339,0,0
-2.09426293683128,952.040672685105,0,0
-2.73743996980956,951.713872257964,0,0
-3.37412074016733,951.376154176664,0,0
-4.00476634907799,951.027295764377,0,0
-4.62918165590309,950.667404959196,0,0
-5.26972608804394,950.282925705967,0,0
-5.24954455034683,950.295143355933,0,0
-5.70506249290836,950.017043828,0,0
-6.13507186243946,949.744603556301,0,0
-6.56054641865535,949.465133533092,0,0
-6.98137117047118,949.178709494696,0,0
-7.39743228963924,948.885408769979,0,0
-7.80861732946352,948.585310755127,0,0
-8.21503160751992,948.278330091763,0,0
-8.61150780970211,947.968551686508,0,0
-9.0031107965629,947.652201438958,0,0
-9.38952117751961,947.329528869927,0,0
-9.7706367930709,947.000619296265,0,0
-10.1463568754978,946.665559697123,0,0
-10.5165822819158,946.324438435629,0,0
-10.8988038445733,945.960466386618,0,0
-10.8457149720845,946.012267466377,0,0
-11.514564245129,945.343445895854,0,0
-12.155206059081,944.681347489568,0,0
-12.7849149980599,944.00884263091,0,0
-13.4031285177246,943.326553504054,0,0
-14.0253453003434,942.616534630803,0,0
-14.6351763878149,941.896625016879,0,0
-15.2328438273254,941.166585640798,0,0
-15.8337095717431,940.406818963399,0,0
-15.8017069251495,940.448006627409,0,0
-16.1878981995325,939.942169433521,0,0
-16.5480212109023,939.45163713818,0,0
-16.898966195297,938.954497305183,0,0
-17.2406119965303,938.450921525184,0,0
-17.5728406467015,937.941083714659,0,0
-17.895660876729,937.424958427966,0,0
-18.2059769020204,936.907778001158,0,0
-18.5068305315005,936.384763658435,0,0
-18.7979960791226,935.856294680126,0,0
-19.0793746313313,935.32255052771,0,0
-19.3508707221321,934.783712249357,0,0
-19.6242575338286,934.214998907499,0,0
-19.59593499773,934.275607443781,0,0
-21.2450955450002,930.641714364587,0,0
-22.8858271911999,926.841113872409,0,0
-22.8799522566456,926.854814940126,0,0
-24.5680960747815,922.890753316983,0,0
-26.27566963388,918.792013650146,0,0
-26.2632134080065,918.822379119021,0,0
-27.9645972525023,914.609449109215,0,0
-29.6490892220292,910.288288077639,0,0
-29.6351144042074,910.324838532501,0,0
-31.2897125139938,905.911477476647,0,0
-32.9008424171068,901.41198482996,0,0
-32.8857924960208,901.455041841035,0,0
-34.4466976955018,896.878189308515,0,0
-35.9589702667964,892.232843596672,0,0
-35.9476995722994,892.268204362874,0,0
-37.4170308171153,887.55796306712,0,0
-38.8458517243901,882.79329073158,0,0
-38.837535189067,882.821525551389,0,0
-40.23045476668,878.00559234961,0,0
-41.589592439927,873.147056422597,0,0
-41.5832536590984,873.170067733536,0,0
-42.9115441041811,868.272107321738,0,0
-44.2105266216109,863.341702168007,0,0
-44.2057190475049,863.360188139127,0,0
-45.4792007505968,858.398675139257,0,0
-46.7322782794933,853.413022676376,0,0
-46.7305809536941,853.419809280509,0,0
-47.978796710587,848.404094991391,0,0
-49.2377051909003,843.369653818828,0,0
-49.2411660329191,843.355950966481,0,0
-50.5322221781214,838.294497849842,0,0
-51.8718576841708,833.21853123667,0,0
-51.8810869724517,833.184378971188,0,0
-53.2907759477157,828.087724085169,0,0
-54.7792584090311,822.980545234042,0,0
-54.7903006983807,822.943547494249,0,0
-56.3515925339657,817.832752517062,0,0
-57.9740103527321,812.715999613407,0,0
-57.9815121626663,812.69267226454,0,0
-59.6495892639176,807.577495935853,0,0
-61.3520269964309,802.457856480093,0,0
-61.3553513349309,802.447917486504,0,0
-63.0767904381669,797.330948477089,0,0
-64.8064918302169,792.210858115761,0,0
-64.8062458836737,792.211586449775,0,0
-66.5344250774942,787.091678012877,0,0
-68.2594272505444,781.96949878388,0,0
-68.258788498544,781.971397574055,0,0
-69.9807046514865,776.84707203657,0,0
-71.6996586310181,771.720887757964,0,0
-71.6990931805482,771.722575678965,0,0
-73.4152603206099,766.594610626822,0,0
-75.1287381235254,761.465123662381,0,0
-75.1282328281207,761.466637660523,0,0
-76.8391643127132,756.335691761556,0,0
-78.5476265685386,751.203484467994,0,0
-78.5471665568426,751.204867460394,0,0
-80.2532579921515,746.071461946153,0,0
-81.9569987673504,740.937010053461,0,0
-81.9565531229292,740.938354123888,0,0
-83.6579193183122,735.802950919075,0,0
-85.3568639768411,730.666683860073,0,0
-85.356410373734,730.668056306468,0,0
-87.0528607670171,725.531030277213,0,0
-88.7467358181455,720.393290421935,0,0
-88.7462569649268,720.39474409182,0,0
-90.4374274198289,715.256394320436,0,0
-92.1258389621556,710.117461854011,0,0
-92.1254156620239,710.118751214388,0,0
-93.8115420778984,704.978934987228,0,0
-95.4962970578501,699.838593572125,0,0
-95.4962451920274,699.838751834331,0,0
-97.1810686092508,694.697237333571,0,0
-98.8671037757108,689.555170083505,0,0
-98.867515122732,689.553916489202,0,0
-100.556485662469,684.410538937677,0,0
-102.249586327977,679.26653793855,0,0
-102.250272380567,679.264456125961,0,0
-103.947591502272,674.12029876613,0,0
-105.647223987101,668.97566575688,0,0
-105.647142066303,668.975913759924,0,0
-107.345931142591,663.832330898046,0,0
-109.041397524346,658.688569854641,0,0
-109.040509285148,658.691268921934,0,0
-110.730490440607,653.547769780333,0,0
-112.415818778369,648.404196794456,0,0
-112.415305688506,648.405764185443,0,0
-114.09781061449,643.261252615046,0,0
-115.778969678723,638.116557974726,0,0
-115.779048624016,638.116316420448,0,0
-117.46108961587,632.970399641646,0,0
-119.145681596338,627.824127932707,0,0
-119.146380552175,627.821995385894,0,0
-120.835599899584,622.674615324481,0,0
-122.530055250967,617.526755438596,0,0
-122.530747412753,617.524655215496,0,0
-124.229380941863,612.37688305338,0,0
-125.931190715974,607.228786943439,0,0
-125.931492863912,607.227873416035,0,0
-127.634996881881,602.080193304013,0,0
-129.339028402723,596.932373700265,0,0
-129.338867006647,596.932861412132,0,0
-131.041681358243,591.785764822984,0,0
-132.741943615833,586.638743081345,0,0
-132.741330795029,586.640600240201,0,0
-134.437744272903,581.493968035376,0,0
-136.130634250874,576.347469614841,0,0
-136.130182300187,576.34884469244,0,0
-137.820422589587,571.202037352681,0,0
-139.508756239497,566.055268993917,0,0
-139.508631543171,566.055649207647,0,0
-141.196422615984,560.908216946713,0,0
-142.884906394771,555.760657498943,0,0
-142.885214397911,555.75971903354,0,0
-144.575774529797,550.611553706231,0,0
-146.268649439652,545.46315991207,0,0
-146.269039869469,545.461973364277,0,0
-147.96438481682,540.313293709102,0,0
-149.662285960563,535.164387014359,0,0
-149.662707678623,535.163109112792,0,0
-151.363255487299,530.013943922855,0,0
-153.066490202856,524.86455160933,0,0
-153.066925003902,524.863238090703,0,0
-154.772865826599,519.713632082059,0,0
-156.481466754739,514.563817145122,0,0
-156.481847928669,514.562669041036,0,0
-158.19274342806,509.412887411708,0,0
-159.905425175505,504.262979759048,0,0
-159.905555716948,504.262587320905,0,0
-161.618855847064,499.113191158165,0,0
-163.331654180498,493.963866702041,0,0
-163.331368128474,493.96472711756,0,0
-165.042226386997,488.816040031853,0,0
-166.750694926497,483.667604589593,0,0
-166.750308792978,483.668768991487,0,0
-168.45635058442,478.520605338419,0,0
-170.16000375434,473.372737831883,0,0
-170.159641117773,473.373834305238,0,0
-171.861016447568,468.22620720114,0,0
-173.560237439604,463.078880818404,0,0
-173.559930927879,463.079809820825,0,0
-175.257227323424,457.932675966145,0,0
-176.952806956121,452.785839991509,0,0
-176.95258644723,452.786509598477,0,0
-178.646765248651,447.639856641008,0,0
-180.339631270002,442.493489132536,0,0
-180.33937396508,442.49427170979,0,0
-182.030499246714,437.34843626679,0,0
-183.719488484658,432.203000749535,0,0
-183.719098950769,432.204188283017,0,0
-185.405526591855,427.059324807131,0,0
-187.089340018392,421.914939718725,0,0
-187.088972917561,421.916062031833,0,0
-188.770432875188,416.772019813264,0,0
-190.449753488609,411.628401222263,0,0
-190.449463344819,411.62929037816,0,0
-192.126915440652,406.485960737029,0,0
-193.802680569537,401.343008377332,0,0
-193.802453774568,401.343704703547,0,0
-195.476727203803,396.201069108462,0,0
-197.149493258673,391.0587938794,0,0
-197.149244772387,391.059558102744,0,0
-198.820338621972,385.917741895664,0,0
-200.489605310742,380.776330783948,0,0
-200.489295097962,380.777286797464,0,0
-202.156483473011,375.636413836971,0,0
-203.821382113197,370.495988322218,0,0
-203.820988029806,370.497205952674,0,0
-205.483266633523,365.35739126335,0,0
-207.142657447378,360.218056298462,0,0
-207.142159214495,360.219600814774,0,0
-208.798259340971,355.080952916993,0,0
-210.45074894507,349.942855264402,0,0
-210.450134719973,349.944767274117,0,0
-212.098634120798,344.807280522434,0,0
-213.743425212231,339.670337332186,0,0
-213.743040849669,339.671538626744,0,0
-215.385523656518,334.534369110112,0,0
-217.026852480427,329.397420330307,0,0
-217.026885154354,329.397318075396,0,0
-218.668590140084,324.259826212295,0,0
-220.311631254595,319.122253791074,0,0
-220.311992476378,319.121125066778,0,0
-221.957487152882,313.982878107927,0,0
-223.60627409377,308.844318516077,0,0
-223.606952819453,308.842205906257,0,0
-225.260239999201,303.70269282341,0,0
-226.91895551523,298.562609677014,0,0
-226.919987282821,298.559418506056,0,0
-228.585466266166,293.418052873538,0,0
-230.258722523068,288.275806771201,0,0
-230.260038747216,288.271771460871,0,0
-231.941600119183,283.128747577815,0,0
-233.630259928722,277.98502354862,0,0
-233.631120429702,277.982406485064,0,0
-235.324867820919,272.839129734403,0,0
-237.022158022712,267.695804861575,0,0
-237.022445847952,267.694933108591,0,0
-238.721085861556,262.552806523586,0,0
-240.419401774218,257.411316642381,0,0
-240.419062825691,257.412343398051,0,0
-242.114667630024,252.272842748192,0,0
-243.805739930611,247.134714731833,0,0
-243.804722158104,247.137812784842,0,0
-245.488675781119,242.002526650714,0,0
-247.163547026258,236.869426224114,0,0
-247.161811096402,236.87476337679,0,0
-248.824844660927,231.7454311848,0,0
-250.473965037413,226.619166634988,0,0
-250.471493988511,226.62688357431,0,0
-252.103847663513,221.505347242243,0,0
-253.717313414481,216.387817638795,0,0
-253.714143889206,216.397932875856,0,0
-255.306101937498,211.285731907495,0,0
-256.875689629754,206.178262433386,0,0
-256.872149414569,206.189865823955,0,0
-258.417279850693,201.0886511121,0,0
-259.935403283896,195.993126348012,0,0
-259.931133390365,196.007590775262,0,0
-261.419298985674,190.919343564427,0,0
-262.876378964138,185.837618918847,0,0
-262.872353968187,185.851787611819,0,0
-264.30129740485,180.774292834564,0,0
-265.706431214684,175.701671898967,0,0
-265.703816574158,175.711171479823,0,0
-267.090652386623,170.639958082559,0,0
-268.463278557401,165.571434396801,0,0
-268.461972649014,165.576272563895,0,0
-269.825705552375,160.507051699151,0,0
-271.184542288873,155.438407422054,0,0
-271.184479966452,155.438639930334,0,0
-272.543621078866,150.367235184092,0,0
-273.907013118179,145.294305436977,0,0
-273.908153213201,145.290075677894,0,0
-275.280661123548,140.212824015308,0,0
-276.664647604309,135.132429940725,0,0
-276.666441299614,135.125874864626,0,0
-278.06398224378,130.041187870014,0,0
-279.476261694567,124.952765099113,0,0
-279.478406011298,124.945078852733,0,0
-280.906483559651,119.85236114487,0,0
-282.351106605962,114.755699795298,0,0
-282.353537703473,114.747170918369,0,0
-283.815742472199,109.646030248443,0,0
-285.296289082407,104.540757219194,0,0
-285.299017547122,104.531405639367,0,0
-286.798922800745,99.4214941188684,0,0
-288.318893033517,94.3072749869934,0,0
-288.321908683119,94.297193094219,0,0
-289.862850358594,89.1782654216022,0,0
-291.425284207405,84.0549412532374,0,0
-291.42843515098,84.0446750252869,0,0
-293.012094499716,78.9176309035115,0,0
-294.615046744124,73.7869173845806,0,0
-294.617541943775,73.7789695784707,0,0
-296.236679692951,68.6465815027237,0,0
-297.869686383878,63.5119529955338,0,0
-297.871412911906,63.5065420566109,0,0
-299.515229125049,58.3716145074505,0,0
-301.167615948712,53.2358579058219,0,0
-301.168584255006,53.2328537516056,0,0
-302.826601428771,48.0981360177016,0,0
-304.488120474691,42.9639914128338,0,0
-304.488361455222,42.9632471070184,0,0
-306.150595735267,37.8314617269342,0,0
-307.811538302359,32.7016450792595,0,0
-307.811098081272,32.703005807566,0,0
-309.468167026146,27.5768160535003,0,0
-311.119758483296,22.4539253857667,0,0
-311.119031559954,22.4561832052955,0,0
-312.765107495937,17.3365446368867,0,0
-314.4067505446,12.2203808952649,0,0
-314.406412794104,12.2214341585218,0,0
-316.045082403728,7.10805790677603,0,0
-317.681832280952,1.9980593824377,0,0
-317.681898317883,1.99785323810117,0,0
-319.318182211694,-3.10942175745758,0,0
-320.95504674379,-8.21333104894282,0,0
-320.955524251377,-8.21481863375329,0,0
-322.594431732953,-13.3159602456549,0,0
-324.236432173543,-18.4135706117442,0,0
-324.237338114489,-18.4163783844057,0,0
-325.883904178134,-23.5109866896967,0,0
-327.53607810055,-28.6017648047359,0,0
-327.537428466233,-28.6059153460222,0,0
-329.196692863241,-33.6933153662162,0,0
-330.864035924266,-38.7763889430713,0,0
-330.865597218138,-38.7811353608292,0,0
-332.540468676347,-43.8585839241986,0,0
-334.220541653478,-48.9296088590743,0,0
-334.221359393338,-48.9320734983358,0,0
-335.903240533729,-53.9938734353243,0,0
-337.584268844783,-59.0460719952461,0,0
-337.584180992594,-59.0458079215164,0,0
-339.260357876537,-64.0849855699164,0,0
-340.92814574376,-69.11062252941,0,0
-340.926942036549,-69.1069875742291,0,0
-342.582121236798,-74.1160053509801,0,0
-344.224239981145,-79.1078681708356,0,0
-344.224118408968,-79.1074985240059,0,0
-345.861388995769,-84.0867944657254,0,0
-347.501634415238,-89.0506413534599,0,0
-347.504540878495,-89.0593919660344,0,0
-349.158324428883,-94.0130231699531,0,0
-350.83211889914,-98.952496104202,0,0
-350.837102055315,-98.967078318736,0,0
-352.534293039833,-103.892161070255,0,0
-354.254911944931,-108.799085089772,0,0
-354.260561072833,-108.815050906251,0,0
-356.00509579928,-113.701586997365,0,0
-357.773415971823,-118.563864447673,0,0
-357.779767909607,-118.581164353646,0,0
-359.569102402512,-123.408648714822,0,0
-361.347899304282,-128.191818499224,0,0
-361.331323321547,-128.146115717157,0,0
-362.989523265231,-132.836267115708,0,0
-364.614753388757,-137.465362055617,0,0
-364.759705990496,-137.808437248183,0,0
-364.904312395259,-138.09868557377,0,0
-365.032600335828,-138.367994395775,0,0
-365.156206170062,-138.639484180095,0,0
-365.275092899041,-138.91307373244,0,0
-365.389224685895,-139.188680372307,0,0
-365.498567124318,-139.466221371478,0,0
-365.60308791781,-139.745614693967,0,0
-365.70275557979,-140.02677575924,0,0
-365.797540021305,-140.309620248823,0,0
-365.887412997433,-140.59406332996,0,0
-365.972347369317,-140.880019723547,0,0
-366.052318031046,-141.16740447514,0,0
-366.127300796695,-141.456130596846,0,0
-366.197418514536,-141.746737551705,0,0
-366.260667481665,-142.030040478915,0,0
-366.319258484068,-142.314999364754,0,0
-366.373029214051,-142.600906844388,0,0
-366.421964537829,-142.887681745173,0,0
-366.466050438799,-143.175242305345,0,0
-366.505274387994,-143.463506314951,0,0
-366.539625044417,-143.752390803419,0,0
-366.5690926915,-144.041814912751,0,0
-366.593669092298,-144.331695207113,0,0
-366.613346949212,-144.621948832307,0,0
-366.628120885041,-144.912493597785,0,0
-366.638738617056,-145.228564863732,0,0
-366.666676455692,-144.705996530977,0,0
-366.639301106352,-144.900000118562,0,0
-366.612536096672,-145.068155219531,0,0
-366.582899324524,-145.235827644844,0,0
-366.550399105503,-145.402969719698,0,0
-366.51504541168,-145.569531355913,0,0
-366.476848474664,-145.735463079866,0,0
-366.435819325182,-145.90071776911,0,0
-366.391969913061,-146.065246847361,0,0
-366.345313192402,-146.229002118742,0,0
-366.295862961702,-146.391934828526,0,0
-366.243633499484,-146.553998032343,0,0
-366.188639823114,-146.715145012995,0,0
-366.130898345635,-146.875328048833,0,0
-366.070425980708,-147.034499799261,0,0
-366.007240496349,-147.192613840978,0,0
-365.941731122306,-147.34876113102,0,0
-365.870243712981,-147.511169001617,0,0
-365.796274582608,-147.671427784386,0,0
-365.719476003674,-147.830350219736,0,0
-365.639872390476,-147.987885697214,0,0
-365.557488595406,-148.143984989699,0,0
-365.472349858388,-148.298600283005,0,0
-365.384484009606,-148.451681284421,0,0
-365.293918027616,-148.603180530288,0,0
-365.200680468129,-148.75305072907,0,0
-365.104800899335,-148.90124398622,0,0
-365.006308779048,-149.047714949883,0,0
-364.905235901183,-149.192416407258,0,0
-364.801613762972,-149.335303035986,0,0
-364.695474609037,-149.476330566317,0,0
-364.58685188858,-149.615454459138,0,0
-364.458953867575,-149.773224101933,0,0
-364.479958457044,-149.747574063954,0,0
-364.21862239185,-150.063320076858,0,0
-363.968978537163,-150.354097102617,0,0
-363.714212726386,-150.640396479433,0,0
-363.454404640978,-150.922128691988,0,0
-363.189636361129,-151.199204880737,0,0
-362.919991633368,-151.471537325193,0,0
-362.645555021513,-151.739040586159,0,0
-362.366413397931,-152.001630088528,0,0
-362.081943638473,-152.259857268855,0,0
-361.8047609318,-152.502791125278,0,0
-361.522739062318,-152.741567213348,0,0
-361.236671530697,-152.975481327069,0,0
-360.946642461762,-153.204464868512,0,0
-360.652736581114,-153.428450696776,0,0
-360.35504007592,-153.647373390815,0,0
-360.053640202363,-153.861168512689,0,0
-359.748625262529,-154.069773659748,0,0
-359.440084359076,-154.273127674281,0,0
-359.106372897761,-154.484838514245,0,0
-359.107011067731,-154.484433514939,0,0
-358.591580337219,-154.811576506294,0,0
-358.092362579662,-155.116530899344,0,0
-357.588034289932,-155.412957357486,0,0
-357.078741104675,-155.700770059601,0,0
-356.564630315363,-155.979885990522,0,0
-356.045850441266,-156.250224251888,0,0
-355.523257788477,-156.511361537408,0,0
-354.978531775645,-156.771909685066,0,0
-354.430037551897,-157.022541706842,0,0
-353.877236861136,-157.263525998345,0,0
-353.320298977132,-157.494788854276,0,0
-352.759395041324,-157.716259197548,0,0
-352.194697441247,-157.927868981568,0,0
-351.601574525416,-158.138233795602,0,0
-351.599119441658,-158.139106254202,0,0
-350.994691672142,-158.35431807557,0,0
-350.411423288983,-158.550454512773,0,0
-349.824813801938,-158.736359581838,0,0
-349.235042604376,-158.911976375371,0,0
-348.642289846462,-159.07725121038,0,0
-348.04673696281,-159.232133658186,0,0
-347.448304965567,-159.376636910788,0,0
-346.85412040997,-159.509216682217,0,0
-346.257467194382,-159.631546873611,0,0
-345.658785695932,-159.743530061165,0,0
-345.058255395293,-159.845132692062,0,0
-344.456056284056,-159.936324274118,0,0
-343.852368544468,-160.017077565537,0,0
-343.557515971389,-160.070225791635,0,0
-334.526769988423,-160.027182180636,0,0
-332.634976189574,-160.192415013835,0,0
-330.965616097802,-160.378050906447,0,0
-329.299398559576,-160.594339544765,0,0
-327.605512516615,-160.846197532437,0,0
-325.916092118959,-161.129772734737,0,0
-324.259818509793,-161.439601697729,0,0
-324.116342654731,-161.470100577172,0,0
-322.851845893421,-161.771509192686,0,0
-321.566862287953,-162.102151425426,0,0
-320.288018907951,-162.455799215494,0,0
-319.015859121361,-162.83229852375,0,0
-317.756848797686,-163.229549519257,0,0
-316.50526209069,-163.649171856147,0,0
-315.261366467985,-164.091072113524,0,0
-314.050587996067,-164.545583158549,0,0
-313.871225462541,-164.619636155907,0,0
-312.915012602339,-165.051260111589,0,0
-311.942562820815,-165.510933161998,0,0
-310.978386901922,-165.987716757496,0,0
-310.022785761007,-166.481461972011,0,0
-309.076538304236,-166.99175018918,0,0
-308.157805129529,-167.508138420574,0,0
-307.248620624821,-168.040073796268,0,0
-306.348776651079,-168.58766159818,0,0
-305.458542536296,-169.150737770571,0,0
-304.599816332569,-169.714787546223,0,0
-304.775189429943,-169.607975631954,0,0
-304.456737655749,-169.787411339056,0,0
-304.119235350583,-169.985114957163,0,0
-303.785158443396,-170.188554364271,0,0
-303.454605026269,-170.39766993982,0,0
-303.127671420786,-170.612400630725,0,0
-302.804453200234,-170.832683736652,0,0
-302.485044611005,-171.058454892011,0,0
-302.169538520085,-171.28964847353,0,0
-301.858026744977,-171.526197242566,0,0
-301.550600572878,-171.768032004661,0,0
-301.247349903647,-172.015081884831,0,0
-300.948362708635,-172.267275264775,0,0
-300.65372648968,-172.52453839707,0,0
-300.362487950783,-172.787752026088,0,0
-300.062237352071,-173.068839042377,0,0
-299.766078821798,-173.356265703135,0,0
-299.475147732975,-173.64898298474,0,0
-299.189539205897,-173.946895189583,0,0
-298.909345526893,-174.249905905907,0,0
-298.634657730903,-174.557916841459,0,0
-298.36556517565,-174.870827701528,0,0
-298.102155150995,-175.188537036044,0,0
-297.844513386908,-175.510941368961,0,0
-297.592723221632,-175.837936390978,0,0
-297.346866544801,-176.169415911093,0,0
-297.107023276185,-176.505272115899,0,0
-296.888481769783,-176.823048760918,0,0
-296.702245589763,-177.132400523588,0,0
-296.363507354158,-177.78060794664,0,0
-296.024315650591,-178.456549934804,0,0
-295.696387562468,-179.138028039026,0,0
-295.379813772705,-179.824854230264,0,0
-295.074681340647,-180.516839098772,0,0
-294.781074350909,-181.21379229425,0,0
-294.498507386138,-181.916966154068,0,0
-294.212299570555,-182.665997542586,0,0
-293.938800289059,-183.421411887124,0,0
-293.678660576098,-184.181530313363,0,0
-293.431961179806,-184.946116908332,0,0
-293.198779064481,-185.714933579482,0,0
-292.979186547496,-186.487741205984,0,0
-292.779917572334,-187.238709346189,0,0
-292.782391754626,-187.229439313726,0,0
-291.361494996951,-192.51946879449,0,0
-289.989524253305,-197.940294330951,0,0
-289.99524876994,-197.918033630001,0,0
-288.581279542148,-203.33068711788,0,0
-287.091163523768,-208.745246125713,0,0
-287.097941026649,-208.721015624084,0,0
-285.551350794633,-214.162270954714,0,0
-283.964729367692,-219.626104589624,0,0
-283.970509363733,-219.606450741312,0,0
-282.341189928783,-225.077682119191,0,0
-280.659540752208,-230.546873782044,0,0
-280.66994309686,-230.513726310768,0,0
-278.927150534645,-235.956921541758,0,0
-277.111162018532,-241.366846086547,0,0
-277.124836026647,-241.327036739032,0,0
-275.236563086055,-246.701572492443,0,0
-273.281735209821,-252.040558210003,0,0
-273.295120120026,-252.004710146125,0,0
-271.276748761075,-257.307141878216,0,0
-269.194502834929,-262.568935196222,0,0
-269.209582659217,-262.53156314986,0,0
-267.063803325401,-267.748343909932,0,0
-264.854085070691,-272.917671335281,0,0
-264.870680928653,-272.879578385209,0,0
-262.597850993273,-277.999517665033,0,0
-260.263866072199,-283.0693517732,0,0
-260.280714122287,-283.033382371411,0,0
-257.888025086404,-288.054940108534,0,0
-255.439357812938,-293.027439266768,0,0
-255.45634372325,-292.993488765546,0,0
-252.953541601431,-297.917966846723,0,0
-250.398762790227,-302.793827245333,0,0
-250.416003664525,-302.761405980618,0,0
-247.810978156199,-307.58874904544,0,0
-245.155684302216,-312.365659203669,0,0
-245.174792571558,-312.331800825792,0,0
-242.46932117286,-317.054075756779,0,0
-239.711528848942,-321.719616539196,0,0
-239.733555307067,-321.682951075198,0,0
-236.923226457331,-326.286551353865,0,0
-234.057174647147,-330.825973447325,0,0
-234.082902977551,-330.785929237525,0,0
-231.160399622274,-335.256385779644,0,0
-228.179654913287,-339.657636321584,0,0
-228.206636512146,-339.618467144013,0,0
-225.168694336096,-343.954814051586,0,0
-222.076187955365,-348.228221149733,0,0
-222.102329743042,-348.192649637354,0,0
-218.956245197165,-352.408345914827,0,0
-215.759019633991,-356.568181148136,0,0
-215.784215434968,-356.535857886582,0,0
-212.536709303555,-360.64395812734,0,0
-209.239256193905,-364.700627976947,0,0
-209.265940611218,-364.668263689828,0,0
-205.918081478865,-368.671498877649,0,0
-202.516885206496,-372.620688250532,0,0
-202.546495155785,-372.586823388283,0,0
-199.090928048553,-376.479795109141,0,0
-195.579577678582,-380.31497685166,0,0
-195.611252641438,-380.280913519723,0,0
-192.046304316675,-384.055688338834,0,0
-188.429967422887,-387.768603940377,0,0
-188.461518834927,-387.736689892495,0,0
-184.795947607192,-391.389450171756,0,0
-181.084539787785,-394.981632537697,0,0
-181.115218419933,-394.95235563422,0,0
-177.359765203929,-398.485939825045,0,0
-173.563327930688,-401.960820754545,0,0
-173.59276989864,-401.934227404798,0,0
-169.756068790908,-405.353992409536,0,0
-165.884032968796,-408.7217245461,0,0
-165.907946162296,-408.701145276091,0,0
-162.000925821392,-412.027898483969,0,0
-158.066324406973,-415.318185606996,0,0
-158.083128197452,-415.304236991424,0,0
-154.120933794476,-418.568935157167,0,0
-150.138214960284,-421.812590232396,0,0
-150.147881705704,-421.804750580946,0,0
-146.144427672764,-425.037779095964,0,0
-142.12668831516,-428.264428495293,0,0
-142.130849230041,-428.261092937068,0,0
-138.099739684336,-431.486714009966,0,0
-134.057722455738,-434.710537292064,0,0
-134.061176751219,-434.707786378628,0,0
-130.008963074105,-437.92999669624,0,0
-125.947742425116,-441.150442825066,0,0
-125.950609004149,-441.148172543383,0,0
-121.880919360104,-444.367263822698,0,0
-117.803848046028,-447.584999659167,0,0
-117.806085165234,-447.583235786571,0,0
-113.722056620129,-450.800174096817,0,0
-109.632068297671,-454.016423013219,0,0
-109.633661345325,-454.015171156698,0,0
-105.538017870652,-457.231393487411,0,0
-101.437618061452,-460.447783856921,0,0
-101.438567513499,-460.447039406537,0,0
-97.3336424199421,-463.664313807221,0,0
-93.2249764951106,-466.882685930669,0,0
-93.2253724579544,-466.882375821309,0,0
-89.1131346892499,-470.102433582641,0,0
-84.9979461296861,-473.324353888135,0,0
-84.9979344243807,-473.324363052661,0,0
-80.8799941199237,-476.548470709825,0,0
-76.7596778229392,-479.774687646815,0,0
-76.759530477341,-479.774803026164,0,0
-72.6370115286181,-483.003159506311,0,0
-68.5125439266267,-486.233601448762,0,0
-68.5122991740683,-486.23379316886,0,0
-64.3860176646696,-489.466345854975,0,0
-60.2581289115965,-492.700966795344,0,0
-60.2578037666939,-492.701221615601,0,0
-56.1284178842469,-495.937933593781,0,0
-51.9976888318743,-499.176709123237,0,0
-51.9973026503068,-499.177011967143,0,0
-47.86530148762,-502.417876579644,0,0
-43.7321223548967,-505.660821742335,0,0
-43.7317006406948,-505.661152685565,0,0
-39.597418871771,-508.906156719285,0,0
-35.4620202672913,-512.153088110279,0,0
-35.4617617728008,-512.153291091568,0,0
-31.3253335365279,-515.401763510188,0,0
-27.1877085251993,-518.651570112531,0,0
-27.1876864289602,-518.651587467704,0,0
-23.0489215772299,-521.902352010227,0,0
-18.9088195832221,-525.15391716372,0,0
-18.9090009343176,-525.153774744946,0,0
-14.7675691806433,-528.405869634141,0,0
-10.6246201054739,-531.658375261024,0,0
-10.6249941823368,-531.658081632366,0,0
-6.48051632081531,-534.910725732103,0,0
-2.33428172503154,-538.163387205937,0,0
-2.33491149161028,-538.16289329879,0,0
1.81304778900612,-541.415120607879,0,0
5.96318698183932,-544.666510482243,0,0
5.96198101106678,-544.665566171803,0,0
10.1142664789864,-547.915217929312,0,0
14.269309481933,-551.162713627194,0,0
14.2674597510131,-551.161269080837,0,0
18.4252601595891,-554.405684002409,0,0
22.5865125928349,-557.646604722658,0,0
22.5839732246972,-557.644629165414,0,0
26.7487217982405,-560.881104172912,0,0
30.9177466026694,-564.112722653798,0,0
30.9144600674808,-564.110178738756,0,0
35.0878313051502,-567.335922650519,0,0
39.2664888539801,-570.555306400731,0,0
39.2622897363039,-570.552077156414,0,0
43.4462901655838,-573.763823212056,0,0
47.6368260316642,-576.967235108085,0,0
47.6307599312203,-576.96261014446,0,0
51.827136432637,-580.153621503748,0,0
56.0322661790428,-583.328864636827,0,0
56.0220543960011,-583.321187914471,0,0
60.2351667247812,-586.474395474203,0,0
64.459786059837,-589.602411979505,0,0
64.4451758287172,-589.591662377628,0,0
68.6806584640167,-592.688284716118,0,0
72.9307033743449,-595.7506927956,0,0
72.9127908037542,-595.737885249035,0,0
77.178182632922,-598.764084044479,0,0
81.4607994406304,-601.755182017602,0,0
81.442518789213,-601.742514755988,0,0
85.7436379277708,-604.699388162593,0,0
90.0649668955709,-607.622862415664,0,0
90.0462307531878,-607.61028934179,0,0
94.3895444889179,-610.501307846641,0,0
98.7540134580068,-613.360290365894,0,0
98.7359543739494,-613.348552937095,0,0
103.121334129156,-616.176494017785,0,0
107.525717700929,-618.97356184466,0,0
107.508737760792,-618.962857949571,0,0
111.930871773572,-621.729893437025,0,0
116.368652296951,-624.466668956317,0,0
116.352438692469,-624.456740748167,0,0
120.804805950103,-627.163751332061,0,0
125.270036485445,-629.840895579899,0,0
125.254486323151,-629.83163601994,0,0
129.731738946806,-632.479432397443,0,0
134.219586600584,-635.097882826063,0,0
134.204632086368,-635.089215162217,0,0
138.702440693271,-637.678885575433,0,0
143.209002447997,-640.239891980284,0,0
143.194715137081,-640.231824296656,0,0
147.709765850963,-642.765112289465,0,0
152.232100030482,-645.271446327986,0,0
152.219020652336,-645.264240032534,0,0
156.748689457997,-647.745268054929,0,0
161.284494289167,-650.201860244886,0,0
161.272646614002,-650.195477844768,0,0
165.81463981255,-652.629151793395,0,0
170.361878887121,-655.04033273288,0,0
170.350674961622,-655.034422084601,0,0
174.9030372102,-657.423762756896,0,0
179.4599688172,-659.791459906259,0,0
179.449057638411,-659.785818980064,0,0
184.010366698502,-662.132137647737,0,0
188.575752627803,-664.456999320978,0,0
188.564710669469,-664.451404991885,0,0
193.133826094376,-666.754488483625,0,0
197.706691679268,-669.035349813943,0,0
197.695262911757,-669.029679651289,0,0
202.27194000101,-671.288202659169,0,0
206.852438561917,-673.52514758221,0,0
206.841786036626,-673.519971286332,0,0
211.426863372594,-675.736789871093,0,0
216.016327117695,-677.934594850129,0,0
216.006892280422,-677.930096866136,0,0
220.601922323185,-680.110929401825,0,0
225.202295946894,-682.276382305086,0,0
225.194615404238,-682.272780228067,0,0
229.802000051104,-684.425645753891,0,0
234.416137343825,-686.5680584841,0,0
234.410777508492,-686.565576240974,0,0
239.033806190698,-688.701066148295,0,0
243.665443853837,-690.832132977243,0,0
243.66220067761,-690.830643092898,0,0
248.303840346571,-692.959626027483,0,0
252.955899009342,-695.086798343108,0,0
252.953178640774,-695.085556082477,0,0
257.617421189594,-697.212681078999,0,0
262.294491511715,-699.341913881971,0,0
262.293417900369,-699.341425375937,0,0
266.985369108516,-701.475206198241,0,0
271.693082063325,-703.615061835995,0,0
271.692949679288,-703.615001665695,0,0
276.41839899578,-705.762642878928,0,0
281.163014208086,-707.919306856353,0,0
281.163374906486,-707.919470840487,0,0
285.929307688179,-710.086584296425,0,0
290.718499151582,-712.265471942689,0,0
290.719426627732,-712.26589409682,0,0
295.535009423111,-714.458763572116,0,0
300.379282169542,-716.66873918378,0,0
300.37928793958,-716.668741816101,0,0
305.250074847516,-718.890828313947,0,0
310.151970333056,-721.11289929949,0,0
310.138224473371,-721.106709763982,0,0
315.064130981325,-723.309921091889,0,0
320.0221116208,-725.48092939461,0,0
319.99197996732,-725.467931078312,0,0
324.973587745373,-727.584761181835,0,0
329.988702012122,-729.631081499142,0,0
329.938124517219,-729.610976722865,0,0
334.992371416171,-731.567206597018,0,0
340.093742950775,-733.477809853956,0,0
340.160374331324,-733.503674968384,0,0
345.390647156306,-735.606123808156,0,0
350.706773123775,-737.847540746833,0,0
350.694402938369,-737.842357430346,0,0
351.318164320768,-738.102199081001,0,0
351.922981541809,-738.342297994533,0,0
352.53171436131,-738.572288733102,0,0
353.144193974993,-738.792107600094,0,0
353.760250142422,-739.00169347598,0,0
354.379711830685,-739.200988117152,0,0
355.00240760139,-739.389936318625,0,0
355.626053466518,-739.567903210614,0,0
356.312036536851,-739.750819994035,0,0
356.999099638957,-739.920734237881,0,0
357.68912871087,-740.078172840327,0,0
358.381896820951,-740.223084112248,0,0
359.077176394027,-740.355420363693,0,0
359.774739514449,-740.47513818613,0,0
360.26351090214,-740.559458006352,0,0
370.609320098665,-741.245928635103,0,0
371.372130192921,-741.220481907967,0,0
372.347525541972,-741.183452854204,0,0
373.322157103384,-741.129973691109,0,0
374.29574805898,-741.060059603564,0,0
375.26830578439,-740.973702960426,0,0
376.22772854785,-740.87226481183,0,0
377.185610196174,-740.754805664963,0,0
378.141399401303,-740.621385629134,0,0
379.094830415042,-740.472042038199,0,0
380.070270718454,-740.302429916693,0,0
380.035094903639,-740.308758649852,0,0
380.998152382278,-740.129671048643,0,0
381.932812279341,-739.939142085164,0,0
382.864072734826,-739.732636816234,0,0
383.791660684529,-739.510215949446,0,0
384.715590794136,-739.271868073237,0,0
385.624136574456,-739.020917199794,0,0
386.528590258503,-738.754543496073,0,0
387.428406097765,-738.472899917119,0,0
388.323326062404,-738.176067185632,0,0
389.237017194866,-737.855629314387,0,0
389.172339430016,-737.879140635047,0,0
389.913866083306,-737.600024348675,0,0
390.627574383734,-737.317713053889,0,0
391.33651692031,-737.023639497997,0,0
392.040500235624,-736.717883715956,0,0
392.739331716831,-736.400529667208,0,0
393.433013502693,-736.071570225908,0,0
394.114839046328,-735.734373881316,0,0
394.791237660937,-735.385949772717,0,0
395.46183441433,-735.026485199114,0,0
396.126448631268,-734.656077055433,0,0
396.784901931636,-734.274824451933,0,0
397.45803974779,-733.870075862143,0,0
397.411979077275,-733.898331286254,0,0
398.41560919222,-733.270317053484,0,0
399.38296501132,-732.638793061403,0,0
400.338071992004,-731.988892882847,0,0
401.280534251356,-731.320887791995,0,0
402.212011508616,-730.633517451362,0,0
403.13010551472,-729.928466337364,0,0
404.034526440612,-729.205959128946,0,0
404.946955567711,-728.447794914473,0,0
404.903683246323,-728.484439350652,0,0
406.111457529496,-727.442091935351,0,0
407.276129895643,-726.395771817009,0,0
408.419782857373,-725.326633687615,0,0
409.545114619576,-724.231980981777,0,0
410.648418702372,-723.11524184017,0,0
411.749731282049,-721.955086399857,0,0
411.718753290113,-721.98821137789,0,0
412.529405137061,-721.108287711101,0,0
413.308622712581,-720.233565487202,0,0
414.073177286666,-719.345998498477,0,0
414.822931142124,-718.445741912083,0,0
415.554045276446,-717.537623957905,0,0
416.270091914978,-716.61743018847,0,0
416.970800210997,-715.685503890225,0,0
417.670494066173,-714.721938712954,0,0
417.633375896383,-714.774211468671,0,0
418.306651558573,-713.804466553622,0,0
418.947800412928,-712.844969791887,0,0
419.571861746826,-711.874272364775,0,0
420.178721879749,-710.892543233945,0,0
420.764486518743,-709.906436851518,0,0
421.332885762159,-708.910037739047,0,0
421.883661700469,-707.903789745779,0,0
422.428806459513,-706.864574166819,0,0
422.407639193993,-706.905682771537,0,0
422.935890022287,-705.860254544563,0,0
423.437621343843,-704.827642128405,0,0
423.923281087181,-703.787374179512,0,0
424.392793529932,-702.73960732867,0,0
424.843967970396,-701.689522499525,0,0
425.278917546943,-700.632503691197,0,0
425.697497592034,-699.568896280638,0,0
426.107671205464,-698.477245804891,0,0
426.090602546077,-698.523828403104,0,0
426.479090352704,-697.436178657621,0,0
426.839684248307,-696.366934944681,0,0
427.181305705694,-695.291479438781,0,0
427.503904580029,-694.209952033459,0,0
427.804945776216,-693.131675711319,0,0
428.087065120725,-692.048083459034,0,0
428.350118728881,-690.959705763108,0,0
428.599649150671,-689.841151851541,0,0
428.587102381735,-689.900151586793,0,0
428.812496538178,-688.785899691581,0,0
429.012853455087,-687.694262249565,0,0
429.193566952003,-686.599201714612,0,0
429.354598642413,-685.500928301543,0,0
429.495134330803,-684.406122098215,0,0
429.616102047634,-683.308836319255,0,0
429.717443522735,-682.209564277111,0,0
429.800990210442,-681.08191764509,0,0
429.797711387652,-681.131720071167,0,0
429.862679872993,-680.003167759954,0,0
429.908906349442,-678.897188551901,0,0
429.937818426719,-677.790621279437,0,0
429.949409311066,-676.683695084714,0,0
429.943701303942,-675.578776791901,0,0
429.920732151649,-674.474040638626,0,0
429.880507404068,-673.369798117894,0,0
429.821726622603,-672.242921203691,0,0
429.824889279936,-672.294942615047,0,0
429.720695707168,-670.794120687903,0,0
429.589850797145,-669.32459627579,0,0
429.430521827308,-667.857845045705,0,0
429.243071335672,-666.396626972217,0,0
429.027347955513,-664.939272764476,0,0
428.778488447193,-663.457739504849,0,0
428.787999630898,-663.511404598011,0,0
428.512705171147,-662.035527620188,0,0
428.215776626158,-660.591968312725,0,0
427.892370408046,-659.15404770967,0,0
427.543429090619,-657.725545212769,0,0
427.168351556094,-656.303619435458,0,0
426.759658219775,-654.862391573115,0,0
426.773622300493,-654.910138381808,0,0
426.45156673382,-653.841562851883,0,0
426.119559699644,-652.801463509239,0,0
425.770782317434,-651.76686687787,0,0
425.405293148577,-650.737953558601,0,0
425.024827093769,-649.719289217467,0,0
424.627973969104,-648.706793573685,0,0
424.214869543847,-647.700819097996,0,0
423.775997943272,-646.679473191113,0,0
423.801066265317,-646.736202267638,0,0
423.343134015808,-645.727978814236,0,0
422.879150587219,-644.749821518826,0,0
422.399108266241,-643.779444182303,0,0
421.903128170956,-642.817092361239,0,0
421.391804180082,-641.863869144044,0,0
420.864841966644,-640.919177785148,0,0
420.322393946142,-639.983292629099,0,0
419.751782066124,-639.035354229306,0,0
419.775642974391,-639.074326854735,0,0
418.989193406629,-637.811337939586,0,0
418.19598004538,-636.579331170377,0,0
417.384356512184,-635.359432424982,0,0
416.55262058101,-634.149213639654,0,0
415.702768347445,-632.95170666038,0,0
414.821537139525,-631.748957421259,0,0
414.841856419579,-631.776365244509,0,0
413.949422532533,-630.586592867933,0,0
413.052185536533,-629.434678996872,0,0
412.134197811965,-628.299151721378,0,0
411.198075881569,-627.183098982888,0,0
410.241904272418,-626.084091857518,0,0
409.247790485783,-624.982499937062,0,0
409.288878681897,-625.027122503202,0,0
408.53528712992,-624.224934420328,0,0
407.786404594,-623.457723341507,0,0
407.023070652951,-622.704889356267,0,0
406.245517141078,-621.966663711049,0,0
405.455841184343,-621.244946109005,0,0
404.652569582898,-620.538300597635,0,0
403.836035522703,-619.847022493326,0,0
402.984381316264,-619.153491522954,0,0
403.031633867612,-619.19119500406,0,0
402.160206915232,-618.510009913335,0,0
401.296903331254,-617.856823755033,0,0
400.423468964462,-617.217247885839,0,0
399.540250779865,-616.591531483272,0,0
398.640896807692,-615.975394101941,0,0
397.732066048196,-615.373615487964,0,0
396.813852451864,-614.786253009391,0,0
395.866296766998,-614.201093588707,0,0
395.904394398061,-614.224235806083,0,0
394.61042199054,-613.451212905574,0,0
393.32482450061,-612.71041067956,0,0
392.027988657986,-611.989988030433,0,0
390.705322160453,-611.282279799166,0,0
389.371826047866,-610.595751754981,0,0
388.006252699127,-609.91998810968,0,0
388.053665249155,-609.94293821527,0,0
385.959243719047,-608.951570317349,0,0
383.872886846337,-608.013997231176,0,0
381.744598747214,-607.107784355583,0,0
379.571240638284,-606.233227672487,0,0
379.619609281982,-606.252209670324,0,0
377.399215119279,-605.402862191686,0,0
375.187245020464,-604.592904014906,0,0
372.939063064813,-603.80617909716,0,0
370.659351353359,-603.045337721536,0,0
370.704711097655,-603.060078241933,0,0
366.058255763482,-601.590716609078,0,0
361.338503402339,-600.194867957381,0,0
361.390370015224,-600.209702985147,0,0
356.612274088157,-598.889235728618,0,0
351.781587539685,-597.665776967707,0,0
351.836800207771,-597.679207477147,0,0
349.413066537066,-597.113788657627,0,0
347.004260489549,-596.593062099909,0,0
344.587712784674,-596.111610879702,0,0
342.139674029293,-595.665197778791,0,0
342.192963846686,-595.674422129494,0,0
339.735342943909,-595.271718694948,0,0
337.293267852365,-594.907034484625,0,0
334.843918040563,-594.576632841716,0,0
332.36905784865,-594.278483675194,0,0
332.414584981477,-594.283617396294,0,0
327.426935580336,-593.759640866201,0,0
322.414659406191,-593.314644988472,0,0
322.443575588761,-593.317071870238,0,0
317.387185676757,-592.917310713453,0,0
312.304489199181,-592.533125589173,0,0
312.301711238463,-592.53291431207,0,0
307.185428554644,-592.141406437897,0,0
302.0454587657,-591.740516861902,0,0
302.041910409207,-591.740237991072,0,0
296.882023006303,-591.331634186339,0,0
291.704060586121,-590.917069785896,0,0
291.702513768464,-590.916945539961,0,0
286.510136639661,-590.498523588254,0,0
281.304699438862,-590.078317664462,0,0
281.305464414073,-590.078379318163,0,0
276.090485120588,-589.658745696161,0,0
270.866983189545,-589.241908220938,0,0
270.870151933291,-589.242159398657,0,0
265.641172760834,-588.830459291171,0,0
260.40770383329,-588.425148644581,0,0
260.410553869691,-588.425368002633,0,0
255.172747274829,-588.02474100299,0,0
249.933159300088,-587.626141062897,0,0
249.932763130959,-587.62611089807,0,0
244.691041281849,-587.226650170061,0,0
239.450021575054,-586.823808118251,0,0
239.447011315602,-586.823575215896,0,0
234.207259264523,-586.415524954061,0,0
228.971121532032,-586.001470543977,0,0
228.968129407193,-586.00123243123,0,0
223.73874648336,-585.582446307286,0,0
218.517122523635,-585.162490536884,0,0
218.518208261045,-585.162577660335,0,0
213.308530859363,-584.745486071124,0,0
208.11132618252,-584.333907578269,0,0
208.105578431685,-584.333446841623,0,0
202.906926167816,-583.911670664983,0,0
197.717841891156,-583.446896938978,0,0
197.671385377502,-583.442371135316,0,0
192.46867255336,-582.894451673169,0,0
187.270080794321,-582.232407709995,0,0
187.213597484114,-582.22466648166,0,0
184.602728036474,-581.84141841489,0,0
181.973271981174,-581.409398230023,0,0
179.336063538035,-580.929410885273,0,0
176.732708380503,-580.409176102543,0,0
176.676473361001,-580.397374907882,0,0
174.067822270794,-579.823712072932,0,0
171.445847543484,-579.205324574825,0,0
168.816625958895,-578.54278737591,0,0
166.219814438938,-577.846128787154,0,0
166.170352274629,-577.83240293328,0,0
160.990329667258,-576.346932283696,0,0
155.82340702071,-574.752063094973,0,0
155.769587073825,-574.734892212711,0,0
150.62250763342,-573.039053032481,0,0
145.498885483725,-571.243372691113,0,0
145.444514261735,-571.223725396714,0,0
140.345732400589,-569.325320411623,0,0
135.284369165307,-567.312666730769,0,0
135.233667935549,-567.29196544702,0,0
132.710208282752,-566.234551852028,0,0
130.181735883976,-565.125390904785,0,0
127.665299935645,-563.971190814324,0,0
125.190892639504,-562.786074384621,0,0
125.129458865103,-562.755780787131,0,0
122.667075953326,-561.506246385359,0,0
120.203484720281,-560.194682946351,0,0
117.752515016346,-558.827098255196,0,0
115.354496793876,-557.42629675838,0,0
115.319452362183,-557.405502559943,0,0
110.586235762664,-554.553283466961,0,0
105.884111104095,-551.654382548572,0,0
105.866504899556,-551.643443879153,0,0
101.199579397926,-548.721495647925,0,0
96.5610184820886,-545.785212884752,0,0
96.5549681443814,-545.781372781053,0,0
91.9503786355423,-542.851153793727,0,0
87.3722681139225,-539.939431486957,0,0
87.3796548407436,-539.944114407295,0,0
82.833655155808,-537.071383046369,0,0
78.3142917546604,-534.247952785904,0,0
78.3132339957168,-534.2472916523,0,0
73.8088618383533,-531.430507800773,0,0
69.375581283022,-528.563113088769,0,0
69.3346744914903,-528.536177921058,0,0
67.8623882880371,-527.549307183156,0,0
66.3862700438551,-526.525028022244,0,0
64.9268462657236,-525.476985772726,0,0
63.4807477289743,-524.402616359447,0,0
62.0521984398514,-523.304911659573,0,0
60.6606001994929,-522.199399344766,0,0
60.6110589051404,-522.15917138372,0,0
59.2322361752629,-521.014846760964,0,0
57.8536952765432,-519.828086829679,0,0
56.4967205677389,-518.616394661239,0,0
55.1514868118897,-517.370464689679,0,0
53.8290757371549,-516.100017913306,0,0
52.5494137448322,-514.825056749705,0,0
52.510627810725,-514.78568934423,0,0
51.2461841470581,-513.478282686559,0,0
49.9863384763045,-512.133393772701,0,0
48.748026110892,-510.76839314605,0,0
47.5223167897922,-509.372917021325,0,0
46.3191282539719,-507.957725848682,0,0
45.1541836171434,-506.542057673896,0,0
45.1220569001858,-506.502327506592,0,0
43.4068472088317,-504.343625796581,0,0
41.7152690181831,-502.130627891673,0,0
40.0614251711122,-499.880352264756,0,0
38.4665039782081,-497.622408243957,0,0
38.4518398801603,-497.601457087647,0,0
37.4005689412597,-496.085606776365,0,0
36.3595590742892,-494.535461642504,0,0
35.3419482216074,-492.969824496264,0,0
34.3468425128032,-491.387229261019,0,0
33.3756471767194,-489.789818035524,0,0
32.4399568284821,-488.197477209918,0,0
32.4056348633502,-488.137491156531,0,0
31.7240613839894,-486.91359958509,0,0
31.0505041694859,-485.658695998729,0,0
30.3965754508374,-484.393453054891,0,0
29.762330713772,-483.117966207195,0,0
29.1421456658836,-481.820181540924,0,0
28.542355973461,-480.512586735141,0,0
27.9632132640261,-479.195717195499,0,0
27.4139353116186,-477.891685261619,0,0
27.3995696209092,-477.856967444237,0,0
26.3340557070871,-475.235277470246,0,0
25.3046129883905,-472.571188793017,0,0
24.316794000673,-469.876489141296,0,0
23.3844662409529,-467.189591075442,0,0
23.3660675207351,-467.134865564516,0,0
22.4813688568507,-464.41666693284,0,0
21.6396236524846,-461.655213998414,0,0
20.8474443248169,-458.868960427352,0,0
20.1151375982351,-456.09558211104,0,0
20.1034200346184,-456.049735068286,0,0
18.7375156391423,-450.523886235013,0,0
17.4453022192724,-445.019155348664,0,0
17.4437302002734,-445.012423535738,0,0
16.1829264630416,-439.58508221507,0,0
14.9519902782077,-434.237778348508,0,0
14.949092249181,-434.225062651853,0,0
13.7617113835543,-428.962344718696,0,0
12.6324661572098,-423.803387165006,0,0
12.627108841962,-423.778403003272,0,0
11.5675226308349,-418.732019566247,0,0
10.5912560765217,-413.820170035413,0,0
10.5838540287972,-413.781608472286,0,0
9.70224817649715,-409.020379741263,0,0
8.91638410652686,-404.438547538843,0,0
8.91016164822177,-404.400824158932,0,0
8.21559433770815,-400.014890994027,0,0
7.65844433206885,-395.846118158929,0,0
7.65051952326536,-395.781455215349,0,0
7.60305281773833,-395.354938319576,0,0
7.56037889112011,-394.902098884078,0,0
7.52546830162586,-394.448594900535,0,0
7.49833129308026,-393.994559366044,0,0
7.47897583591019,-393.540125651716,0,0
7.46740760076282,-393.085427005745,0,0
7.46362999140141,-392.630596894598,0,0
7.46764411300802,-392.175768842881,0,0
7.47944878197386,-391.72107630048,0,0
7.49905616447674,-391.266350752983,0,0
7.52678204558974,-390.807291479263,0,0
7.56248077447226,-390.348480020406,0,0
7.60612600074225,-389.890356157651,0,0
7.65770460417345,-389.433057611461,0,0
7.7172010869214,-388.976721582699,0,0
7.78459761058515,-388.521485205248,0,0
7.85987388012528,-388.067485475708,0,0
7.94300731478154,-387.61485838544,0,0
8.03397293112736,-387.163740271646,0,0
8.12705347835021,-386.739634547927,0,0
8.17052006451517,-386.566559947726,0,0
8.40876107677232,-385.725217732197,0,0
8.67015075540937,-384.862108951294,0,0
8.94726126123757,-384.003918312538,0,0
9.24000017445422,-383.150932133934,0,0
9.54793969571431,-382.304317906143,0,0
9.86057705727739,-381.490566308243,0,0
10.1871718731235,-380.683331901321,0,0
10.527952686183,-379.881982938966,0,0
10.8828134916395,-379.086768807432,0,0
11.2403327526934,-378.321852999577,0,0
11.3014817812929,-378.198527315034,0,0
11.5515907902031,-377.722171589559,0,0
11.8233186364231,-377.226468193208,0,0
12.104013303436,-376.735786961558,0,0
12.3935821688162,-376.250289637522,0,0
12.6919295769111,-375.770136835725,0,0
12.9989566925523,-375.295487504841,0,0
13.314562248167,-374.826498163231,0,0
13.6386202106739,-374.363354414742,0,0
13.9706273828934,-373.90674032336,0,0
14.3108473830684,-373.456259102295,0,0
14.6591899669714,-373.012028592572,0,0
15.0155402693557,-372.57419541291,0,0
15.3797805250197,-372.142904217065,0,0
15.7517908630172,-371.718296816507,0,0
16.1314486346304,-371.300513311765,0,0
16.4998602934589,-370.909425501472,0,0
16.7273679573598,-370.692082708492,0,0
17.4098037637466,-370.105557766125,0,0
18.1226658249715,-369.514194715232,0,0
18.845813263457,-368.935454425162,0,0
19.5790227418103,-368.369515688622,0,0
20.322163459043,-367.816483466598,0,0
21.0781311975846,-367.274336163827,0,0
21.8436516724841,-366.745554011932,0,0
22.6183900026469,-366.230372141734,0,0
23.4021047803941,-365.728950979099,0,0
24.1719293901394,-365.255226662788,0,0
24.5532139176034,-365.056815687516,0,0
25.2110843290527,-364.772470722592,0,0
25.8967448368055,-364.48949924364,0,0
26.5870379653153,-364.218024837577,0,0
27.2817709495426,-363.958123120273,0,0
27.9807498869438,-363.70986675627,0,0
28.683779752563,-363.47332488223,0,0
29.3928571912436,-363.247887529926,0,0
30.1664332025833,-363.01674688735,0,0
30.9463015087238,-362.799118300309,0,0
31.7300097452388,-362.595750486793,0,0
32.5172969128386,-362.406711187063,0,0
33.3079008943786,-362.232063284803,0,0
34.101559112777,-362.071864702949,0,0
34.8710708899533,-361.930969679844,0,0
34.8324929727553,-361.938288041184,0,0
40.2916638658494,-360.865701684591,0,0
45.9252581438214,-359.849762147635,0,0
45.900761541313,-359.854284463405,0,0
51.536040318151,-358.789828394561,0,0
57.1684361664158,-357.638687653629,0,0
57.1349476096796,-357.645730708085,0,0
62.7755683283471,-356.425824534875,0,0
68.4169739239732,-355.162093706552,0,0
68.4090947053849,-355.163869842808,0,0
74.0721781881475,-353.879283827441,0,0
79.7507297884591,-352.602874698636,0,0
79.7675956900306,-352.599134614518,0,0
85.4624747321381,-351.353463926018,0,0
91.1325841107496,-350.114426179613,0,0
91.1489111387778,-350.110905972897,0,0
91.9085640221845,-349.94943424472,0,0
92.6415589687247,-349.780962015057,0,0
93.3717027318911,-349.600531640608,0,0
94.0987995367103,-349.408191549024,0,0
94.8226553760411,-349.20399283535,0,0
95.5430771453018,-348.987990158697,0,0
96.2577989713682,-348.760919471805,0,0
97.0360874117056,-348.498941737754,0,0
97.8075290127713,-348.223867974192,0,0
98.5739523309228,-347.935107227909,0,0
99.335114669143,-347.632750784287,0,0
100.090775030891,-347.316894536609,0,0
100.865092674105,-346.976796362155,0,0
100.752656085641,-347.028958669314,0,0
101.468665688255,-346.678739272534,0,0
102.15728971994,-346.327911909979,0,0
102.84015655549,-345.966006800707,0,0
103.517088401558,-345.593118104123,0,0
104.187908448013,-345.20934330842,0,0
104.849116753525,-344.816796073797,0,0
105.615468414404,-344.343543055631,0,0
106.369527863795,-343.858083948218,0,0
107.11435506034,-343.358575662015,0,0
107.849688444281,-342.845193633778,0,0
108.597941522032,-342.301486234398,0,0
108.541069904788,-342.343834516571,0,0
109.253951538108,-341.799952234653,0,0
109.934621449924,-341.260143721748,0,0
110.605123363129,-340.707756387841,0,0
111.265225063119,-340.142981701657,0,0
111.915173350042,-339.5655849666,0,0
112.538770812132,-338.990718654694,0,0
113.152275990425,-338.404165322052,0,0
113.755010251915,-337.806549378172,0,0
114.346774358412,-337.198068564699,0,0
114.945946277446,-336.558935707353,0,0
115.019899246176,-336.482817209444,0,0
115.318086253568,-336.186716976458,0,0
115.593621103203,-335.903624442791,0,0
115.864364704393,-335.615946383172,0,0
116.130240897244,-335.323763755793,0,0
116.391174728353,-335.027158844926,0,0
116.647092738359,-334.726215318642,0,0
116.897922444297,-334.421018318605,0,0
117.143593145457,-334.111653802318,0,0
117.384036153205,-333.798208204945,0,0
117.618416428132,-333.481824842043,0,0
117.860719922772,-333.142686171251,0,0
118.096249420308,-332.800389780503,0,0
118.325698636908,-332.453987855064,0,0
118.548995596429,-332.10358923577,0,0
118.766070885012,-331.749302427486,0,0
118.976857207177,-331.391237734108,0,0
119.181288298944,-331.029507474238,0,0
119.379300724047,-330.664223881689,0,0
119.582938039348,-330.271943192649,0,0
119.491680680542,-330.463967890912,0,0
119.808363266641,-329.7319908917,0,0
120.103753273679,-329.017415026896,0,0
120.387518146311,-328.298143735137,0,0
120.659583411004,-327.574365983509,0,0
120.919606712723,-326.847049868143,0,0
121.176539019732,-326.08918390905,0,0
121.420473086544,-325.3278999232,0,0
121.651611398436,-324.562633579569,0,0
121.869888957582,-323.793600320172,0,0
122.081601977233,-322.996687272726,0,0
122.077345260249,-323.012883768573,0,0
122.347336813118,-321.974231604432,0,0
122.593438985689,-320.95598426278,0,0
122.822124957979,-319.933684458451,0,0
123.033205870184,-318.908251361671,0,0
123.231552160445,-317.85262571598,0,0
123.411292918098,-316.794315342169,0,0
123.57249539216,-315.733023120081,0,0
123.718482324257,-314.643053608128,0,0
123.71099039085,-314.703617584398,0,0
123.968368498965,-312.434685537875,0,0
124.184932856036,-310.187559001531,0,0
124.368157645589,-307.873455659025,0,0
124.512768916834,-305.531322586545,0,0
124.510617306864,-305.57025087306,0,0
124.746545792591,-300.732964250874,0,0
124.914171811747,-295.78914332038,0,0
124.913420653866,-295.814433775637,0,0
125.041919781849,-290.77226085736,0,0
125.13570159819,-285.668306099555,0,0
125.135268029665,-285.70251256217,0,0
125.171057289746,-280.584299902748,0,0
125.122906981535,-275.471671568324,0,0
125.12343698681,-275.506521592704,0,0
125.070587663304,-272.985482770557,0,0
124.96992597253,-270.494518487303,0,0
124.823823891502,-268.046298580793,0,0
124.628663661359,-265.57235309393,0,0
124.637806350777,-265.668534928344,0,0
124.580874797647,-265.156226119534,0,0
124.518497298228,-264.669708666252,0,0
124.4480322846,-264.184296671641,0,0
124.369499241085,-263.700124359774,0,0
124.282919973963,-263.217325922804,0,0
124.18831847922,-262.736035425246,0,0
124.085720838842,-262.256385625048,0,0
123.975155544437,-261.778509552031,0,0
123.857257126646,-261.30487793579,0,0
123.717599269064,-260.782869497211,0,0
123.569084287096,-260.265824013916,0,0
123.411157370292,-259.751575275805,0,0
123.243871335498,-259.240294066197,0,0
123.067282008867,-258.732151648521,0,0
122.881447973733,-258.227316604027,0,0
122.686431238461,-257.725957165927,0,0
122.471792421044,-257.202958147692,0,0
122.488900561102,-257.243809361844,0,0
122.127702303219,-256.398650315771,0,0
121.76275382849,-255.581112882487,0,0
121.384873998718,-254.769471353753,0,0
120.994158286968,-253.96393014862,0,0
120.590727743748,-253.164736643658,0,0
120.173737375778,-252.370317738864,0,0
119.744186684806,-251.582675844108,0,0
119.302161841721,-250.801966360141,0,0
118.847774459495,-250.028386611096,0,0
118.368648210951,-249.241802792851,0,0
118.355318504267,-249.219700807723,0,0
117.763017659762,-248.227734383599,0,0
117.16702262662,-247.270555596496,0,0
116.553404448423,-246.324577756829,0,0
115.922171908259,-245.389832611404,0,0
115.282548096384,-244.479247396144,0,0
114.626177498724,-243.580218654385,0,0
113.953481117422,-242.693339589215,0,0
113.247615980901,-241.797441499645,0,0
113.316784663312,-241.882035536751,0,0
112.840761044535,-241.320864167452,0,0
112.371794172703,-240.786316118362,0,0
111.894064808622,-240.259584719403,0,0
111.407703059069,-239.740813537959,0,0
110.912841576336,-239.230144003817,0,0
110.409375729698,-238.727480060315,0,0
109.905146259476,-238.240302611765,0,0
109.392804972076,-237.761171670229,0,0
108.87272745496,-237.290449563747,0,0
108.34505146412,-236.82826116246,0,0
107.809917197567,-236.374729083225,0,0
107.248508946263,-235.914559043499,0,0
107.28213840734,-235.941728995915,0,0
106.4272717059,-235.261014174087,0,0
105.582139799832,-234.613980658376,0,0
104.724908006172,-233.98306501253,0,0
103.855869272728,-233.368483492808,0,0
102.975940003776,-232.770860196555,0,0
102.084844794147,-232.189984302703,0,0
101.182917691299,-231.626074213182,0,0
100.24606408016,-231.06485715682,0,0
100.289530323047,-231.090408694168,0,0
99.5415213728608,-230.658956445027,0,0
98.8101853940997,-230.255424376595,0,0
98.0713814861193,-229.865732900943,0,0
97.3253716928717,-229.490020333779,0,0
96.5722014786328,-229.128317126198,0,0
95.8193242322144,-228.783971886531,0,0
95.0599296108151,-228.453641596026,0,0
94.2945012729598,-228.137543847981,0,0
93.5233059882581,-227.835789010177,0,0
92.7203054144427,-227.538890143223,0,0
92.7896887573699,-227.56359185142,0,0
91.9849159647573,-227.288020951919,0,0
91.2019366683209,-227.036408795912,0,0
90.4143604599798,-226.799577023935,0,0
89.6224666906584,-226.577609682164,0,0
88.8265976923227,-226.370600922766,0,0
88.0250343814367,-226.178159758326,0,0
87.2200459065622,-226.000887052557,0,0
86.4118567091662,-225.838830268703,0,0
85.6007545377297,-225.692047179415,0,0
84.759073088662,-225.556209062732,0,0
84.833375484314,-225.567259895995,0,0
83.3835145041378,-225.370062847913,0,0
81.9529427353066,-225.197114713643,0,0
80.5204577673318,-225.045426719888,0,0
79.0529624936389,-224.91222679908,0,0
77.5841108403063,-224.801306171676,0,0
76.0910678810906,-224.71136053654,0,0
76.0850865287295,-224.71099385972,0,0
71.4192989732224,-224.420277136924,0,0
66.6305490760704,-224.147106658941,0,0
66.6750569722131,-224.149314161299,0,0
61.8193190141415,-223.944409143529,0,0
56.8943472750625,-223.853010605683,0,0
56.9740090264719,-223.853434419794,0,0
52.0010734271961,-223.892751773532,0,0
46.9857174544784,-224.063231940729,0,0
47.0607734993351,-224.059742944227,0,0
42.0085970803977,-224.357827289233,0,0
36.9291237775271,-224.779216645171,0,0
36.9951196528189,-224.773009571562,0,0
31.8876758021385,-225.310219932725,0,0
26.7609540200278,-225.951442678685,0,0
26.8085548130256,-225.945103033608,0,0
21.6515834056328,-226.673924580801,0,0
16.4739928729594,-227.469151719348,0,0
16.4974882682221,-227.465447905225,0,0
11.2853475707451,-228.308273090272,0,0
6.04795646371841,-229.17617197307,0,0
6.04777174811431,-229.176202576549,0,0
0.771486389235243,-230.050198269559,0,0
-4.5349614484096,-230.910914027233,0,0
-4.54862289774864,-230.91309761144,0,0
-9.88494580105029,-231.753410178231,0,0
-15.24513803804,-232.574223604127,0,0
-15.2561150882937,-232.575883739252,0,0
-20.6337898268974,-233.379007683493,0,0
-26.0257768278964,-234.166839573924,0,0
-26.0335999644123,-234.167972094898,0,0
-31.4336871411478,-234.942455162401,0,0
-36.8388158129311,-235.706022237749,0,0
-36.8434789622213,-235.706677253701,0,0
-42.2472602462755,-236.461402599005,0,0
-47.6465780028631,-237.210320071642,0,0
-47.6469891694783,-237.210377073878,0,0
-53.0339585736373,-237.956821464511,0,0
-58.405548535968,-238.705637587041,0,0
-58.4002133118713,-238.704888956398,0,0
-63.7477514990865,-239.460141402282,0,0
-69.0681541618333,-240.226592213805,0,0
-69.0572178099917,-240.224996173414,0,0
-74.3437907638326,-241.006457550558,0,0
-79.5935927181437,-241.799979769421,0,0
-79.5900370536246,-241.799440143405,0,0
-84.809292625254,-242.594741311415,0,0
-89.9909404166431,-243.376728460161,0,0
-90.0069129052047,-243.37909499655,0,0
-95.1661899132943,-244.129285528748,0,0
-100.293219376754,-244.820039639968,0,0
-100.338548197191,-244.825795212647,0,0
-105.448008357048,-245.434923657328,0,0
-110.527129615254,-245.942064640311,0,0
-110.575817216929,-245.946524291961,0,0
-113.104071370435,-246.157276770297,0,0
-115.655036692141,-246.335243672632,0,0
-118.187023306346,-246.477605288419,0,0
-120.79776119614,-246.587733724437,0,0
-130.701335875641,-246.608003420336,0,0
-133.26149716831,-246.505226821265,0,0
-135.744279905801,-246.357115885918,0,0
-138.200962869975,-246.164314444951,0,0
-140.625533137621,-245.928601762025,0,0
-140.67418661817,-245.923468321249,0,0
-142.283576152158,-245.740250522032,0,0
-143.916894387606,-245.523676556465,0,0
-145.545772138244,-245.276861216201,0,0
-147.161717718795,-245.001325598829,0,0
-148.772161548302,-244.696037524601,0,0
-150.349620819118,-244.36686097709,0,0
-150.410613564372,-244.353464318922,0,0
-151.596439251251,-244.07989765904,0,0
-152.804633317961,-243.776914024621,0,0
-154.006824037858,-243.450923871903,0,0
-155.202764187358,-243.101988396481,0,0
-156.39970479992,-242.727738539879,0,0
-157.589420974585,-242.330490363911,0,0
-158.771281941128,-241.910448387559,0,0
-159.917922916746,-241.478073512517,0,0
-159.979535239425,-241.454053842953,0,0
-161.499946613138,-240.84177821852,0,0
-163.035028750854,-240.188861664248,0,0
-164.557354172364,-239.506195966913,0,0
-166.077042915767,-238.788849101015,0,0
-167.582617099253,-238.041840471277,0,0
-169.047363860655,-237.279216576367,0,0
-169.073961657004,-237.265195558374,0,0
-170.175035250861,-236.677587975578,0,0
-171.287527037946,-236.061088304038,0,0
-172.390082084948,-235.42698932889,0,0
-173.482625808269,-234.775327680247,0,0
-174.575023596985,-234.099871734386,0,0
-175.656642176656,-233.406844707455,0,0
-176.726999384424,-232.696548735135,0,0
-177.766032021599,-231.982877472648,0,0
-177.826976802458,-231.939885202079,0,0
-178.66314266932,-231.334198722941,0,0
-179.509020250473,-230.700170967302,0,0
-180.344372594376,-230.052338828731,0,0
-181.168974568532,-229.390876816869,0,0
-181.983097119531,-228.715547053553,0,0
-182.80591891447,-228.00956727646,0,0
-183.617213675728,-227.289397837371,0,0
-184.41625766815,-226.555659418672,0,0
-185.202823918832,-225.808560421475,0,0
-185.958731844861,-225.066103601953,0,0
-185.988399375306,-225.036548411675,0,0
-187.248454565071,-223.763495481713,0,0
-188.504864321624,-222.455014623563,0,0
-189.741579297566,-221.127176242053,0,0
-190.985348830224,-219.749850336803,0,0
-192.207875922694,-218.352927810959,0,0
-193.39346760838,-216.955011560592,0,0
-193.420209952974,-216.923028954033,0,0
-195.201052908407,-214.7626968285,0,0
-196.95934627742,-212.54773283127,0,0
-198.710260626953,-210.255434573719,0,0
-200.401327833064,-207.952950696915,0,0
-200.43352472477,-207.908254099823,0,0
-202.109831833141,-205.5353832083,0,0
-203.763604946938,-203.119275201418,0,0
-205.408333651488,-200.63751968452,0,0
-207.003493139567,-198.150009856275,0,0
-207.025947968679,-198.114445087951,0,0
-210.174615132017,-193.049034574039,0,0
-213.285642234444,-187.893927983715,0,0
-213.294732605481,-187.87876364579,0,0
-216.382360464127,-182.6934696648,0,0
-219.478012270197,-177.498610272354,0,0
-219.469726785462,-177.51242973871,0,0
-222.583767698344,-172.349922075503,0,0
-225.727737193733,-167.229832607257,0,0
-225.717695498906,-167.24606998852,0,0
-228.883842271865,-162.162643400209,0,0
-232.052843514834,-157.115581890636,0,0
-232.051207626912,-157.118184305946,0,0
-235.211666636514,-152.096150199492,0,0
-238.344631145653,-147.101843852821,0,0
-238.350600060815,-147.092288903515,0,0
-241.444976141382,-142.118074957302,0,0
-244.485136519245,-137.169780151738,0,0
-244.49506770774,-137.153499863646,0,0
-247.473668895451,-132.235522881941,0,0
-250.380623116649,-127.356721542824,0,0
-250.399548075701,-127.324504559681,0,0
-253.220586866635,-122.452498508164,0,0
-255.899982754446,-117.572528875536,0,0
-255.926802919863,-117.522563645127,0,0
-256.786671529411,-115.88347878319,0,0
-257.631850672067,-114.211118423702,0,0
-258.451393390356,-112.526184351433,0,0
-259.241037524486,-110.837962430406,0,0
-260.004951914674,-109.138078845576,0,0
-260.734089759764,-107.447722928658,0,0
-260.763893829658,-107.376085913187,0,0
-261.786474327909,-104.825275721828,0,0
-262.766903580714,-102.225032285279,0,0
-263.683431002967,-99.6334232082202,0,0
-264.536932554499,-97.0531577252072,0,0
-264.553916306388,-97.0001591853549,0,0
-266.119839733603,-91.9525180579018,0,0
-267.536848891421,-87.0412412318475,0,0
-267.547939544884,-87.0017873350907,0,0
-267.98696799929,-85.3974964769991,0,0
-268.402372267433,-83.7572678297949,0,0
-268.786085044243,-82.1102568189424,0,0
-269.1280494406,-80.5061291265873,0,0
-269.44000510967,-78.896808791025,0,0
-269.717377044868,-77.3094229189076,0,0
-269.727318266231,-77.2488532166596,0,0
-269.848651755007,-76.4583881284159,0,0
-269.959896548705,-75.6402342652324,0,0
-270.05696612354,-74.8202777204279,0,0
-270.139831424114,-73.998764316102,0,0
-270.208467725832,-73.1759397695971,0,0
-270.262836011471,-72.352369741726,0,0
-270.302567675681,-71.5375050227568,0,0
-270.328352720088,-70.7223997923759,0,0
-270.340201992071,-69.9069729251516,0,0
-270.33811197149,-69.0914623920264,0,0
-270.322083193105,-68.2761067927667,0,0
-270.293171968428,-67.486762544673,0,0
-270.289737702726,-67.4160739305314,0,0
-270.242153195561,-66.6304466963768,0,0
-270.178439176791,-65.8188693641558,0,0
-270.100123647644,-65.0085709152781,0,0
-270.007232072315,-64.1998137771762,0,0
-269.899794443312,-63.3928601121836,0,0
-269.777884413164,-62.5882126238278,0,0
-269.642722262255,-61.7926475222749,0,0
-269.493430343292,-60.9998608112762,0,0
-269.330017750592,-60.2098641931941,0,0
-269.15253632684,-59.4229086299917,0,0
-268.961042536279,-58.6392447677524,0,0
-268.762528588169,-57.8849729124079,0,0
-268.750001181294,-57.8388956481584,0,0
-268.506246384718,-56.9701179380653,0,0
-268.24065386072,-56.0812307472145,0,0
-267.960052727575,-55.1969666709654,0,0
-267.664523376783,-54.3175790728833,0,0
-267.354707880022,-53.444850285099,0,0
-267.050316893408,-52.6300016773015,0,0
-266.733636965017,-51.8215986054789,0,0
-266.404190003221,-51.018313665523,0,0
-266.062058838893,-50.2203487201984,0,0
-265.717124398771,-49.4495551774788,0,0
-265.753101887594,-49.5333167753695,0,0
-265.613783897445,-49.1951904464219,0,0
-265.457781735626,-48.8347907427303,0,0
-265.295315311444,-48.4772586520348,0,0
-265.126437312401,-48.1227097774067,0,0
-264.951202494558,-47.7712595293451,0,0
-264.769667888093,-47.4230216902863,0,0
-264.581891911252,-47.0781088536654,0,0
-264.387935882993,-46.7366333066577,0,0
-264.18786226254,-46.3987052656179,0,0
-263.981736373222,-46.0644349962965,0,0
-263.769857204637,-45.734285461855,0,0
-263.555066199194,-45.4123984563548,0,0
-263.33484238194,-45.0947195056741,0,0
-263.109022706672,-44.7809937861298,0,0
-262.877678277156,-44.4713197864828,0,0
-262.640881256856,-44.1657943587832,0,0
-262.398706652653,-43.8645142158652,0,0
-262.151230381915,-43.5675736759756,0,0
-261.898529842705,-43.2750656991775,0,0
-261.640684562475,-42.9870824141914,0,0
-261.377775852564,-42.7037145952939,0,0
-261.128396564508,-42.4441358694928,0,0
-260.939863876358,-42.2643428332977,0,0
-260.610131371378,-41.9763173612821,0,0
-260.255811805461,-41.6772630608624,0,0
-259.896393184838,-41.3843564266809,0,0
-259.53198254603,-41.0976846674182,0,0
-259.162688019384,-40.8173327556564,0,0
-258.788618705448,-40.5433835593199,0,0
-258.409885929121,-40.2759187184226,0,0
-258.026602356164,-40.0150176354787,0,0
-257.638881248979,-39.7607574847936,0,0
-257.247419383549,-39.5135741451795,0,0
-256.86113296149,-39.278746337336,0,0
-256.471550468987,-39.050779961661,0,0
-256.078199521363,-38.829378683659,0,0
-255.681191151193,-38.6146049936521,0,0
-255.280636950039,-38.4065192165869,0,0
-254.876649566175,-38.2051799107737,0,0
-254.469342758006,-38.0106436998868,0,0
-254.058830652483,-37.8229651349505,0,0
-253.645229006286,-37.6421971908769,0,0
-253.228654206445,-37.4683906448546,0,0
-252.809223228935,-37.3015943704914,0,0
-252.41061910552,-37.1506589418443,0,0
-252.457544144267,-37.1688657574766,0,0
-251.205344991106,-36.6709884411411,0,0
-249.923548827818,-36.1843677897529,0,0
-248.634283197745,-35.7178969533225,0,0
-247.336293467048,-35.271163925716,0,0
-245.942502331658,-34.8166145708718,0,0
-244.539701023814,-34.385014061792,0,0
-243.129855919259,-33.9770104809898,0,0
-241.737681089157,-33.5992065832724,0,0
-241.736486447206,-33.5988827436457,0,0
-236.202855710157,-32.1001314390593,0,0
-230.724845965839,-30.6907472714609,0,0
-230.693105802394,-30.6827658553138,0,0
-225.280636884768,-29.3531284970151,0,0
-219.921699660919,-28.0947521319934,0,0
-219.892745022458,-28.0881043706435,0,0
-214.577572513477,-26.8954899370514,0,0
-209.294297999264,-25.7628910200026,0,0
-209.267353792556,-25.7572442338287,0,0
-204.008011981275,-24.6802231338185,0,0
-198.763078600808,-23.6539588393613,0,0
-198.738473061654,-23.6492510503181,0,0
-193.50232106917,-22.670083846841,0,0
-188.269263765231,-21.7336220796243,0,0
-188.248065531453,-21.7299071452774,0,0
-183.017886844201,-20.8326726860148,0,0
-177.787598278994,-19.9706614528091,0,0
-177.7700661571,-19.967825292954,0,0
-172.541951789444,-19.1379601487189,0,0
-167.314783810649,-18.3367751132812,0,0
-167.300533195808,-18.3346259253899,0,0
-162.076327679658,-17.5595804060639,0,0
-156.854017334658,-16.8078709432503,0,0
-156.842467523612,-16.806231371588,0,0
-151.623650885197,-16.0757390634541,0,0
-146.407251855172,-15.3641825150722,0,0
-146.397857652006,-15.362916197038,0,0
-141.184738059179,-14.6685860332151,0,0
-135.973780417248,-13.9896448458205,0,0
-135.966123551227,-13.9886572469435,0,0
-130.757819121192,-13.3236930933597,0,0
-125.55074402508,-12.6712483212685,0,0
-125.544425173904,-12.6704633840045,0,0
-120.338465101485,-12.0293818171391,0,0
-115.132348497477,-11.3984823144426,0,0
-115.127125668175,-11.3978540368927,0,0
-109.920751355249,-10.7761871257204,0,0
-104.713050876574,-10.162748322318,0,0
-104.708755016068,-10.1622454335342,0,0
-99.499643569292,-9.55625508518158,0,0
-94.2882533831087,-8.95689984370324,0,0
-94.2847285931992,-8.95649657423611,0,0
-89.0710225855407,-8.36312247465343,0,0
-83.8543036484036,-7.77503561378908,0,0
-83.8514462537577,-7.77471488322154,0,0
-78.6317353156324,-7.19135728433826,0,0
-73.408524234999,-6.61217228011011,0,0
-73.4062206705753,-6.6119177461025,0,0
-68.1796105968801,-6.03644330152023,0,0
-62.9492434276792,-5.46422027526514,0,0
-62.9474075445142,-5.46401999421073,0,0
-57.7134439004076,-4.8946641227278,0,0
-52.4756484486647,-4.32777618450082,0,0
-52.4742310187367,-4.32762311646279,0,0
-47.2328253841594,-3.76286451081096,0,0
-41.9876774779376,-3.1998918444278,0,0
-41.9866201090238,-3.1997785443897,0,0
-36.7379984865334,-2.63831499588398,0,0
-31.4858657502928,-2.07805996597039,0,0
-31.4851388183918,-2.07798251233763,0,0
-26.2298110391357,-1.51868187739788,0,0
-20.9713266464341,-0.960088418188033,0,0
-20.9708865787166,-0.960041703903143,0,0
-15.7096018350862,-0.401935645647054,0,0
-10.4456216784186,0.155902220276352,0,0
-10.4454329950506,0.155922209516782,0,0
-5.17914361784915,0.713667973189181,0,0
0.0431000043551647,1.26626667075713,0,0
10.5353568657909,2.62453613448299,0,0
