X,Y,Z,dX,dY,dZ,Tangent
1.83333,2.83333,0,-0.5,-0.5,0,0.707107
1.82828,2.82828,0,-0.50985,-0.50985,0,0.721037
1.82314,2.82314,0,-0.5194,-0.5194,0,0.734543
1.8179,2.8179,0,-0.52865,-0.52865,0,0.747624
1.81257,2.81257,0,-0.5376,-0.5376,0,0.760281
1.80715,2.80715,0,-0.54625,-0.54625,0,0.772514
1.80164,2.80164,0,-0.5546,-0.5546,0,0.784323
1.79605,2.79605,0,-0.56265,-0.56265,0,0.795707
1.79039,2.79039,0,-0.5704,-0.5704,0,0.806667
1.78465,2.78465,0,-0.57785,-0.57785,0,0.817203
1.77883,2.77883,0,-0.585,-0.585,0,0.827315
1.77295,2.77295,0,-0.59185,-0.59185,0,0.837002
1.767,2.767,0,-0.5984,-0.5984,0,0.846265
1.76098,2.76098,0,-0.60465,-0.60465,0,0.855104
1.75491,2.75491,0,-0.6106,-0.6106,0,0.863519
1.74877,2.74877,0,-0.61625,-0.61625,0,0.871509
1.74258,2.74258,0,-0.6216,-0.6216,0,0.879075
1.73634,2.73634,0,-0.62665,-0.62665,0,0.886217
1.73005,2.73005,0,-0.6314,-0.6314,0,0.892934
1.72371,2.72371,0,-0.63585,-0.63585,0,0.899228
1.71733,2.71733,0,-0.64,-0.64,0,0.905097
1.71091,2.71091,0,-0.64385,-0.64385,0,0.910541
1.70446,2.70446,0,-0.6474,-0.6474,0,0.915562
1.69797,2.69797,0,-0.65065,-0.65065,0,0.920158
1.69145,2.69145,0,-0.6536,-0.6536,0,0.92433
1.6849,2.6849,0,-0.65625,-0.65625,0,0.928078
1.67832,2.67832,0,-0.6586,-0.6586,0,0.931401
1.67172,2.67172,0,-0.66065,-0.66065,0,0.9343
1.66511,2.66511,0,-0.6624,-0.6624,0,0.936775
1.65848,2.65848,0,-0.66385,-0.66385,0,0.938826
1.65183,2.65183,0,-0.665,-0.665,0,0.940452
1.64518,2.64518,0,-0.66585,-0.66585,0,0.941654
1.63852,2.63852,0,-0.6664,-0.6664,0,0.942432
1.63185,2.63185,0,-0.66665,-0.66665,0,0.942785
1.62519,2.62519,0,-0.6666,-0.6666,0,0.942715
1.61852,2.61852,0,-0.66625,-0.66625,0,0.94222
1.61186,2.61186,0,-0.6656,-0.6656,0,0.941301
1.60521,2.60521,0,-0.66465,-0.66465,0,0.939957
1.59857,2.59857,0,-0.6634,-0.6634,0,0.938189
1.59194,2.59194,0,-0.66185,-0.66185,0,0.935997
1.58533,2.58533,0,-0.66,-0.66,0,0.933381
1.57874,2.57874,0,-0.65785,-0.65785,0,0.93034
1.57218,2.57218,0,-0.6554,-0.6554,0,0.926876
1.56564,2.56564,0,-0.65265,-0.65265,0,0.922986
1.55913,2.55913,0,-0.6496,-0.6496,0,0.918673
1.55265,2.55265,0,-0.64625,-0.64625,0,0.913936
1.5462,2.5462,0,-0.6426,-0.6426,0,0.908774
1.53979,2.53979,0,-0.63865,-0.63865,0,0.903187
1.53343,2.53343,0,-0.6344,-0.6344,0,0.897177
1.52711,2.52711,0,-0.62985,-0.62985,0,0.890742
1.52083,2.52083,0,-0.625,-0.625,0,0.883883
1.51461,2.51461,0,-0.61985,-0.61985,0,0.8766
1.50844,2.50844,0,-0.6144,-0.6144,0,0.868893
1.50232,2.50232,0,-0.60865,-0.60865,0,0.860761
1.49627,2.49627,0,-0.6026,-0.6026,0,0.852205
1.49027,2.49027,0,-0.59625,-0.59625,0,0.843225
1.48434,2.48434,0,-0.5896,-0.5896,0,0.83382
1.47848,2.47848,0,-0.58265,-0.58265,0,0.823992
1.47269,2.47269,0,-0.5754,-0.5754,0,0.813738
1.46697,2.46697,0,-0.56785,-0.56785,0,0.803061
1.46133,2.46133,0,-0.56,-0.56,0,0.79196
1.45577,2.45577,0,-0.55185,-0.55185,0,0.780434
1.4503,2.4503,0,-0.5434,-0.5434,0,0.768484
1.44491,2.44491,0,-0.53465,-0.53465,0,0.756109
1.43961,2.43961,0,-0.5256,-0.5256,0,0.743311
1.4344,2.4344,0,-0.51625,-0.51625,0,0.730088
1.42928,2.42928,0,-0.5066,-0.5066,0,0.716441
1.42426,2.42426,0,-0.49665,-0.49665,0,0.702369
1.41935,2.41935,0,-0.4864,-0.4864,0,0.687873
1.41454,2.41454,0,-0.47585,-0.47585,0,0.672954
1.40983,2.40983,0,-0.465,-0.465,0,0.657609
1.40524,2.40524,0,-0.45385,-0.45385,0,0.641841
1.40076,2.40076,0,-0.4424,-0.4424,0,0.625648
1.39639,2.39639,0,-0.43065,-0.43065,0,0.609031
1.39215,2.39215,0,-0.4186,-0.4186,0,0.59199
1.38802,2.38802,0,-0.40625,-0.40625,0,0.574524
1.38402,2.38402,0,-0.3936,-0.3936,0,0.556634
1.38015,2.38015,0,-0.38065,-0.38065,0,0.53832
1.37641,2.37641,0,-0.3674,-0.3674,0,0.519582
1.3728,2.3728,0,-0.35385,-0.35385,0,0.500419
1.36933,2.36933,0,-0.34,-0.34,0,0.480833
1.366,2.366,0,-0.32585,-0.32585,0,0.460821
1.36282,2.36282,0,-0.3114,-0.3114,0,0.440386
1.35978,2.35978,0,-0.29665,-0.29665,0,0.419526
1.35689,2.35689,0,-0.2816,-0.2816,0,0.398243
1.35415,2.35415,0,-0.26625,-0.26625,0,0.376534
1.35156,2.35156,0,-0.2506,-0.2506,0,0.354402
1.34913,2.34913,0,-0.23465,-0.23465,0,0.331845
1.34687,2.34687,0,-0.2184,-0.2184,0,0.308864
1.34477,2.34477,0,-0.20185,-0.20185,0,0.285459
1.34283,2.34283,0,-0.185,-0.185,0,0.26163
1.34107,2.34107,0,-0.16785,-0.16785,0,0.237376
1.33948,2.33948,0,-0.1504,-0.1504,0,0.212698
1.33806,2.33806,0,-0.13265,-0.13265,0,0.187595
1.33683,2.33683,0,-0.1146,-0.1146,0,0.162069
1.33577,2.33577,0,-0.09625,-0.09625,0,0.136118
1.3349,2.3349,0,-0.0776,-0.0776,0,0.109743
1.33422,2.33422,0,-0.05865,-0.05865,0,0.0829436
1.33373,2.33373,0,-0.0394,-0.0394,0,0.05572
1.33343,2.33343,0,-0.01985,-0.01985,0,0.0280721
1.33333,2.33333,0,0,0,0,0
1.33333,2.33333,0,0,0,0,0
1.33343,2.33343,0,0.02,0.02,0,0.0282843
1.33373,2.33373,0,0.04,0.04,0,0.0565685
1.33423,2.33423,0,0.06,0.06,0,0.0848528
1.33493,2.33493,0,0.08,0.08,0,0.113137
1.33583,2.33583,0,0.1,0.1,0,0.141421
1.33693,2.33693,0,0.12,0.12,0,0.169706
1.33823,2.33823,0,0.14,0.14,0,0.19799
1.33973,2.33973,0,0.16,0.16,0,0.226274
1.34143,2.34143,0,0.18,0.18,0,0.254558
1.34333,2.34333,0,0.2,0.2,0,0.282843
1.34543,2.34543,0,0.22,0.22,0,0.311127
1.34773,2.34773,0,0.24,0.24,0,0.339411
1.35023,2.35023,0,0.26,0.26,0,0.367696
1.35293,2.35293,0,0.28,0.28,0,0.39598
1.35583,2.35583,0,0.3,0.3,0,0.424264
1.35893,2.35893,0,0.32,0.32,0,0.452548
1.36223,2.36223,0,0.34,0.34,0,0.480833
1.36573,2.36573,0,0.36,0.36,0,0.509117
1.36943,2.36943,0,0.38,0.38,0,0.537401
1.37333,2.37333,0,0.4,0.4,0,0.565685
1.37743,2.37743,0,0.42,0.42,0,0.59397
1.38173,2.38173,0,0.44,0.44,0,0.622254
1.38623,2.38623,0,0.46,0.46,0,0.650538
1.39093,2.39093,0,0.48,0.48,0,0.678823
1.39583,2.39583,0,0.5,0.5,0,0.707107
1.40093,2.40093,0,0.52,0.52,0,0.735391
1.40623,2.40623,0,0.54,0.54,0,0.763675
1.41173,2.41173,0,0.56,0.56,0,0.79196
1.41743,2.41743,0,0.58,0.58,0,0.820244
1.42333,2.42333,0,0.6,0.6,0,0.848528
1.42943,2.42943,0,0.62,0.62,0,0.876812
1.43573,2.43573,0,0.64,0.64,0,0.905097
1.44223,2.44223,0,0.66,0.66,0,0.933381
1.44893,2.44893,0,0.68,0.68,0,0.961665
1.45583,2.45583,0,0.7,0.7,0,0.989949
1.46293,2.46293,0,0.72,0.72,0,1.01823
1.47023,2.47023,0,0.74,0.74,0,1.04652
1.47773,2.47773,0,0.76,0.76,0,1.0748
1.48543,2.48543,0,0.78,0.78,0,1.10309
1.49333,2.49333,0,0.8,0.8,0,1.13137
1.50143,2.50143,0,0.82,0.82,0,1.15966
1.50973,2.50973,0,0.84,0.84,0,1.18794
1.51823,2.51823,0,0.86,0.86,0,1.21622
1.52693,2.52693,0,0.88,0.88,0,1.24451
1.53583,2.53583,0,0.9,0.9,0,1.27279
1.54493,2.54493,0,0.92,0.92,0,1.30108
1.55423,2.55423,0,0.94,0.94,0,1.32936
1.56373,2.56373,0,0.96,0.96,0,1.35765
1.57343,2.57343,0,0.98,0.98,0,1.38593
1.58333,2.58333,0,1,1,0,1.41421
1.59343,2.59343,0,1.02,1.02,0,1.4425
1.60373,2.60373,0,1.04,1.04,0,1.47078
1.61423,2.61423,0,1.06,1.06,0,1.49907
1.62493,2.62493,0,1.08,1.08,0,1.52735
1.63583,2.63583,0,1.1,1.1,0,1.55563
1.64693,2.64693,0,1.12,1.12,0,1.58392
1.65823,2.65823,0,1.14,1.14,0,1.6122
1.66973,2.66973,0,1.16,1.16,0,1.64049
1.68143,2.68143,0,1.18,1.18,0,1.66877
1.69333,2.69333,0,1.2,1.2,0,1.69706
1.70543,2.70543,0,1.22,1.22,0,1.72534
1.71773,2.71773,0,1.24,1.24,0,1.75362
1.73023,2.73023,0,1.26,1.26,0,1.78191
1.74293,2.74293,0,1.28,1.28,0,1.81019
1.75583,2.75583,0,1.3,1.3,0,1.83848
1.76893,2.76893,0,1.32,1.32,0,1.86676
1.78223,2.78223,0,1.34,1.34,0,1.89505
1.79573,2.79573,0,1.36,1.36,0,1.92333
1.80943,2.80943,0,1.38,1.38,0,1.95161
1.82333,2.82333,0,1.4,1.4,0,1.9799
1.83743,2.83743,0,1.42,1.42,0,2.00818
1.85173,2.85173,0,1.44,1.44,0,2.03647
1.86623,2.86623,0,1.46,1.46,0,2.06475
1.88093,2.88093,0,1.48,1.48,0,2.09304
1.89583,2.89583,0,1.5,1.5,0,2.12132
1.91093,2.91093,0,1.52,1.52,0,2.1496
1.92623,2.92623,0,1.54,1.54,0,2.17789
1.94173,2.94173,0,1.56,1.56,0,2.20617
1.95743,2.95743,0,1.58,1.58,0,2.23446
1.97333,2.97333,0,1.6,1.6,0,2.26274
1.98943,2.98943,0,1.62,1.62,0,2.29103
2.00573,3.00573,0,1.64,1.64,0,2.31931
2.02223,3.02223,0,1.66,1.66,0,2.34759
2.03893,3.03893,0,1.68,1.68,0,2.37588
2.05583,3.05583,0,1.7,1.7,0,2.40416
2.07293,3.07293,0,1.72,1.72,0,2.43245
2.09023,3.09023,0,1.74,1.74,0,2.46073
2.10773,3.10773,0,1.76,1.76,0,2.48902
2.12543,3.12543,0,1.78,1.78,0,2.5173
2.14333,3.14333,0,1.8,1.8,0,2.54558
2.16143,3.16143,0,1.82,1.82,0,2.57387
2.17973,3.17973,0,1.84,1.84,0,2.60215
2.19823,3.19823,0,1.86,1.86,0,2.63044
2.21693,3.21693,0,1.88,1.88,0,2.65872
2.23583,3.23583,0,1.9,1.9,0,2.68701
2.25493,3.25493,0,1.92,1.92,0,2.71529
2.27423,3.27423,0,1.94,1.94,0,2.74357
2.29373,3.29373,0,1.96,1.96,0,2.77186
2.31343,3.31343,0,1.98,1.98,0,2.80014
2.33333,3.33333,0,2,2,0,2.82843
2.33333,3.33333,0,2,2,0,2.82843
2.35343,3.35343,0,2.01975,2.01905,0,2.85586
2.37373,3.37371,0,2.039,2.0362,0,2.8816
2.39421,3.39415,0,2.05775,2.05145,0,2.90565
2.41488,3.41473,0,2.076,2.0648,0,2.928
2.43573,3.43544,0,2.09375,2.07625,0,2.94866
2.45675,3.45625,0,2.111,2.0858,0,2.96764
2.47795,3.47715,0,2.12775,2.09345,0,2.98494
2.49931,3.49811,0,2.144,2.0992,0,3.00056
2.52083,3.51912,0,2.15975,2.10305,0,3.01452
2.5425,3.54017,0,2.175,2.105,0,3.02682
2.56432,3.56122,0,2.18975,2.10505,0,3.03747
2.58629,3.58226,0,2.204,2.1032,0,3.04648
2.6084,3.60328,0,2.21775,2.09945,0,3.05387
2.63065,3.62424,0,2.231,2.0938,0,3.05963
2.65302,3.64515,0,2.24375,2.08625,0,3.0638
2.67552,3.66596,0,2.256,2.0768,0,3.06637
2.69814,3.68668,0,2.26775,2.06545,0,3.06737
2.72087,3.70727,0,2.279,2.0522,0,3.06682
2.74372,3.72771,0,2.28975,2.03705,0,3.06472
2.76667,3.748,0,2.3,2.02,0,3.06111
2.78972,3.76811,0,2.30975,2.00105,0,3.056
2.81286,3.78801,0,2.319,1.9802,0,3.04942
2.83609,3.8077,0,2.32775,1.95745,0,3.04139
2.85941,3.82716,0,2.336,1.9328,0,3.03193
2.88281,3.84635,0,2.34375,1.90625,0,3.02108
2.90629,3.86528,0,2.351,1.8778,0,3.00888
2.92983,3.8839,0,2.35775,1.84745,0,2.99534
2.95344,3.90222,0,2.364,1.8152,0,2.98051
2.97711,3.9202,0,2.36975,1.78105,0,2.96443
3.00083,3.93783,0,2.375,1.745,0,2.94714
3.02461,3.9551,0,2.37975,1.70705,0,2.92869
3.04843,3.97197,0,2.384,1.6672,0,2.90913
3.07229,3.98843,0,2.38775,1.62545,0,2.8885
3.09618,4.00447,0,2.391,1.5818,0,2.86687
3.1201,4.02006,0,2.39375,1.53625,0,2.84431
3.14405,4.03519,0,2.396,1.4888,0,2.82088
3.16802,4.04983,0,2.39775,1.43945,0,2.79664
3.19201,4.06397,0,2.399,1.3882,0,2.7717
3.216,4.07759,0,2.39975,1.33505,0,2.74612
3.24,4.09067,0,2.4,1.28,0,2.72
3.264,4.10318,0,2.39975,1.22305,0,2.69345
3.28799,4.11512,0,2.399,1.1642,0,2.66656
3.31198,4.12646,0,2.39775,1.10345,0,2.63947
3.33595,4.13718,0,2.396,1.0408,0,2.61229
3.3599,4.14727,0,2.39375,0.97625,0,2.58517
3.38382,4.1567,0,2.391,0.9098,0,2.55824
3.40771,4.16546,0,2.38775,0.84145,0,2.53168
3.43157,4.17353,0,2.384,0.7712,0,2.50563
3.45539,4.18088,0,2.37975,0.69905,0,2.4803
3.47917,4.1875,0,2.375,0.625,0,2.45586
3.50289,4.19337,0,2.36975,0.54905,0,2.43252
3.52656,4.19847,0,2.364,0.4712,0,2.4105
3.55017,4.20279,0,2.35775,0.39145,0,2.39002
3.57371,4.2063,0,2.351,0.3098,0,2.37132
3.59719,4.20898,0,2.34375,0.22625,0,2.35465
3.62059,4.21082,0,2.336,0.1408,0,2.34024
3.64391,4.21179,0,2.32775,0.05345,0,2.32836
3.66714,4.21188,0,2.319,-0.0358,0,2.31928
3.69028,4.21107,0,2.30975,-0.12695,0,2.31324
3.71333,4.20933,0,2.3,-0.22,0,2.3105
3.73628,4.20666,0,2.28975,-0.31495,0,2.31131
3.75913,4.20303,0,2.279,-0.4118,0,2.31591
3.78186,4.19842,0,2.26775,-0.51055,0,2.32451
3.80448,4.19281,0,2.256,-0.6112,0,2.33733
3.82698,4.18619,0,2.24375,-0.71375,0,2.35454
3.84935,4.17853,0,2.231,-0.8182,0,2.3763
3.8716,4.16982,0,2.21775,-0.92455,0,2.40275
3.89371,4.16003,0,2.204,-1.0328,0,2.43399
3.91568,4.14915,0,2.18975,-1.14295,0,2.47009
3.9375,4.13717,0,2.175,-1.255,0,2.51111
3.95917,4.12405,0,2.15975,-1.36895,0,2.55706
3.98069,4.10978,0,2.144,-1.4848,0,2.60794
4.00205,4.09435,0,2.12775,-1.60255,0,2.66374
4.02325,4.07772,0,2.111,-1.7222,0,2.72439
4.04427,4.0599,0,2.09375,-1.84375,0,2.78984
4.06512,4.04084,0,2.076,-1.9672,0,2.86001
4.08579,4.02055,0,2.05775,-2.09255,0,2.93481
4.10627,3.99899,0,2.039,-2.2198,0,3.01414
4.12657,3.97614,0,2.01975,-2.34895,0,3.0979
4.14667,3.952,0,2,-2.48,0,3.18597
4.16657,3.92654,0,1.97975,-2.61295,0,3.27825
4.18626,3.89973,0,1.959,-2.7478,0,3.37462
4.20574,3.87157,0,1.93775,-2.88455,0,3.47498
4.22501,3.84204,0,1.916,-3.0232,0,3.57922
4.24406,3.8111,0,1.89375,-3.16375,0,3.68722
4.26289,3.77876,0,1.871,-3.3062,0,3.79889
4.28148,3.74497,0,1.84775,-3.45055,0,3.91414
4.29984,3.70974,0,1.824,-3.5968,0,4.03286
4.31796,3.67303,0,1.79975,-3.74495,0,4.15497
4.33583,3.63483,0,1.775,-3.895,0,4.28038
4.35346,3.59513,0,1.74975,-4.04695,0,4.40902
4.37083,3.55389,0,1.724,-4.2008,0,4.5408
4.38794,3.5111,0,1.69775,-4.35655,0,4.67567
4.40478,3.46675,0,1.671,-4.5142,0,4.81355
4.42135,3.42081,0,1.64375,-4.67375,0,4.95438
4.43765,3.37327,0,1.616,-4.8352,0,5.0981
4.45367,3.3241,0,1.58775,-4.99855,0,5.24466
4.46941,3.27329,0,1.559,-5.1638,0,5.39401
4.48485,3.22082,0,1.52975,-5.33095,0,5.54609
4.5,3.16667,0,1.5,-5.5,0,5.70088
4.5,3.16667,0,1.5,-5.5,0,5.70088
4.51485,3.11082,0,1.4702,-5.6683,0,5.85586
4.52941,3.05331,0,1.4408,-5.8332,0,6.0085
4.54367,2.99417,0,1.4118,-5.9947,0,6.1587
4.55764,2.93343,0,1.3832,-6.1528,0,6.30636
4.57133,2.87113,0,1.355,-6.3075,0,6.4514
4.58474,2.80729,0,1.3272,-6.4588,0,6.59375
4.59788,2.74196,0,1.2998,-6.6067,0,6.73335
4.61074,2.67517,0,1.2728,-6.7512,0,6.87013
4.62334,2.60695,0,1.2462,-6.8923,0,7.00406
4.63567,2.53733,0,1.22,-7.03,0,7.13508
4.64774,2.46636,0,1.1942,-7.1643,0,7.26315
4.65955,2.39406,0,1.1688,-7.2952,0,7.38824
4.67111,2.32047,0,1.1438,-7.4227,0,7.51031
4.68243,2.24562,0,1.1192,-7.5468,0,7.62934
4.6935,2.16954,0,1.095,-7.6675,0,7.74529
4.70433,2.09228,0,1.0712,-7.7848,0,7.85815
4.71493,2.01386,0,1.0478,-7.8987,0,7.96789
4.72529,1.93431,0,1.0248,-8.0092,0,8.0745
4.73542,1.85368,0,1.0022,-8.1163,0,8.17794
4.74533,1.772,0,0.98,-8.22,0,8.27821
4.75502,1.6893,0,0.9582,-8.3203,0,8.37529
4.7645,1.60561,0,0.9368,-8.4172,0,8.46917
4.77376,1.52096,0,0.9158,-8.5107,0,8.55983
4.78282,1.4354,0,0.8952,-8.6008,0,8.64726
4.79167,1.34896,0,0.875,-8.6875,0,8.73145
4.80032,1.26166,0,0.8552,-8.7708,0,8.81239
4.80877,1.17355,0,0.8358,-8.8507,0,8.89008
4.81703,1.08466,0,0.8168,-8.9272,0,8.96449
4.82511,0.995021,0,0.7982,-9.0003,0,9.03563
4.833,0.904667,0,0.78,-9.07,0,9.10348
4.84071,0.813632,0,0.7622,-9.1363,0,9.16804
4.84825,0.721952,0,0.7448,-9.1992,0,9.2293
4.85561,0.62966,0,0.7278,-9.2587,0,9.28726
4.8628,0.536789,0,0.7112,-9.3148,0,9.34191
4.86983,0.443375,0,0.695,-9.3675,0,9.39325
4.8767,0.349451,0,0.6792,-9.4168,0,9.44126
4.88342,0.25505,0,0.6638,-9.4627,0,9.48595
4.88998,0.160208,0,0.6488,-9.5052,0,9.52732
4.8964,0.0649577,0,0.6342,-9.5443,0,9.56535
4.90267,-0.0306667,0,0.62,-9.58,0,9.60004
4.9088,-0.126631,0,0.6062,-9.6123,0,9.6314
4.91479,-0.222901,0,0.5928,-9.6412,0,9.65941
4.92065,-0.319444,0,0.5798,-9.6667,0,9.68407
4.92639,-0.416224,0,0.5672,-9.6888,0,9.70539
4.932,-0.513208,0,0.555,-9.7075,0,9.72335
4.93749,-0.610363,0,0.5432,-9.7228,0,9.73796
4.94287,-0.707653,0,0.5318,-9.7347,0,9.74922
4.94813,-0.805045,0,0.5208,-9.7432,0,9.75711
4.95328,-0.902506,0,0.5102,-9.7483,0,9.76164
4.95833,-1,0,0.5,-9.75,0,9.76281
4.96328,-1.09749,0,0.4902,-9.7483,0,9.76062
4.96814,-1.19495,0,0.4808,-9.7432,0,9.75506
4.9729,-1.29235,0,0.4718,-9.7347,0,9.74613
4.97758,-1.38964,0,0.4632,-9.7228,0,9.73383
4.98217,-1.48679,0,0.455,-9.7075,0,9.71816
4.98668,-1.58378,0,0.4472,-9.6888,0,9.69912
4.99111,-1.68056,0,0.4398,-9.6667,0,9.6767
4.99547,-1.7771,0,0.4328,-9.6412,0,9.65091
4.99977,-1.87337,0,0.4262,-9.6123,0,9.62174
5.004,-1.96933,0,0.42,-9.58,0,9.5892
5.00817,-2.06496,0,0.4142,-9.5443,0,9.55328
5.01229,-2.16021,0,0.4088,-9.5052,0,9.51399
5.01635,-2.25505,0,0.4038,-9.4627,0,9.47131
5.02036,-2.34945,0,0.3992,-9.4168,0,9.42526
5.02433,-2.44338,0,0.395,-9.3675,0,9.37582
5.02826,-2.53679,0,0.3912,-9.3148,0,9.32301
5.03216,-2.62966,0,0.3878,-9.2587,0,9.26682
5.03602,-2.72195,0,0.3848,-9.1992,0,9.20724
5.03986,-2.81363,0,0.3822,-9.1363,0,9.14429
5.04367,-2.90467,0,0.38,-9.07,0,9.07796
5.04746,-2.99502,0,0.3782,-9.0003,0,9.00824
5.05123,-3.08466,0,0.3768,-8.9272,0,8.93515
5.05499,-3.17355,0,0.3758,-8.8507,0,8.85867
5.05875,-3.26166,0,0.3752,-8.7708,0,8.77882
5.0625,-3.34896,0,0.375,-8.6875,0,8.69559
5.06625,-3.4354,0,0.3752,-8.6008,0,8.60898
5.07001,-3.52096,0,0.3758,-8.5107,0,8.51899
5.07377,-3.60561,0,0.3768,-8.4172,0,8.42563
5.07754,-3.6893,0,0.3782,-8.3203,0,8.32889
5.08133,-3.772,0,0.38,-8.22,0,8.22878
5.08514,-3.85368,0,0.3822,-8.1163,0,8.12529
5.08898,-3.93431,0,0.3848,-8.0092,0,8.01844
5.09284,-4.01386,0,0.3878,-7.8987,0,7.90821
5.09674,-4.09228,0,0.3912,-7.7848,0,7.79462
5.10067,-4.16954,0,0.395,-7.6675,0,7.67767
5.10464,-4.24562,0,0.3992,-7.5468,0,7.55735
5.10865,-4.32047,0,0.4038,-7.4227,0,7.43368
5.11271,-4.39406,0,0.4088,-7.2952,0,7.30664
5.11683,-4.46636,0,0.4142,-7.1643,0,7.17626
5.121,-4.53733,0,0.42,-7.03,0,7.04254
5.12523,-4.60695,0,0.4262,-6.8923,0,6.90546
5.12953,-4.67517,0,0.4328,-6.7512,0,6.76506
5.13389,-4.74196,0,0.4398,-6.6067,0,6.62132
5.13832,-4.80729,0,0.4472,-6.4588,0,6.47426
5.14283,-4.87112,0,0.455,-6.3075,0,6.32389
5.14742,-4.93343,0,0.4632,-6.1528,0,6.17021
5.1521,-4.99417,0,0.4718,-5.9947,0,6.01324
5.15686,-5.05331,0,0.4808,-5.8332,0,5.85298
5.16172,-5.11082,0,0.4902,-5.6683,0,5.68946
5.16667,-5.16667,0,0.5,-5.5,0,5.52268
5.16667,-5.16667,0,0.5,-5.5,0,5.52268
5.17172,-5.22082,0,0.51,-5.33075,0,5.35509
5.17687,-5.27329,0,0.52,-5.163,0,5.18912
5.18212,-5.32408,0,0.53,-4.99675,0,5.02478
5.18747,-5.37323,0,0.54,-4.832,0,4.86208
5.19292,-5.42073,0,0.55,-4.66875,0,4.70103
5.19847,-5.46661,0,0.56,-4.507,0,4.54166
5.20412,-5.51087,0,0.57,-4.34675,0,4.38396
5.20987,-5.55355,0,0.58,-4.188,0,4.22797
5.21572,-5.59464,0,0.59,-4.03075,0,4.0737
5.22167,-5.63417,0,0.6,-3.875,0,3.92118
5.22772,-5.67214,0,0.61,-3.72075,0,3.77042
5.23387,-5.70859,0,0.62,-3.568,0,3.62147
5.24012,-5.74351,0,0.63,-3.41675,0,3.47435
5.24647,-5.77693,0,0.64,-3.267,0,3.3291
5.25292,-5.80885,0,0.65,-3.11875,0,3.18577
5.25947,-5.83931,0,0.66,-2.972,0,3.0444
5.26612,-5.8683,0,0.67,-2.82675,0,2.90507
5.27287,-5.89585,0,0.68,-2.683,0,2.76783
5.27972,-5.92196,0,0.69,-2.54075,0,2.63278
5.28667,-5.94667,0,0.7,-2.4,0,2.5
5.29372,-5.96997,0,0.71,-2.26075,0,2.36962
5.30087,-5.99189,0,0.72,-2.123,0,2.24177
5.30812,-6.01243,0,0.73,-1.98675,0,2.11662
5.31547,-6.03163,0,0.74,-1.852,0,1.99437
5.32292,-6.04948,0,0.75,-1.71875,0,1.87526
5.33047,-6.06601,0,0.76,-1.587,0,1.75959
5.33812,-6.08122,0,0.77,-1.45675,0,1.64773
5.34587,-6.09515,0,0.78,-1.328,0,1.54012
5.35372,-6.10779,0,0.79,-1.20075,0,1.43732
5.36167,-6.11917,0,0.8,-1.075,0,1.34001
5.36972,-6.12929,0,0.81,-0.95075,0,1.24901
5.37787,-6.13819,0,0.82,-0.828,0,1.16533
5.38612,-6.14586,0,0.83,-0.70675,0,1.09014
5.39447,-6.15233,0,0.84,-0.587,0,1.02478
5.40292,-6.1576,0,0.85,-0.46875,0,0.970684
5.41147,-6.16171,0,0.86,-0.352,0,0.929249
5.42012,-6.16465,0,0.87,-0.23675,0,0.901638
5.42887,-6.16645,0,0.88,-0.123,0,0.888554
5.43772,-6.16711,0,0.89,-0.01075,0,0.890065
5.44667,-6.16667,0,0.9,0.1,0,0.905539
5.45572,-6.16512,0,0.91,0.20925,0,0.933748
5.46487,-6.16249,0,0.92,0.317,0,0.973082
5.47412,-6.15878,0,0.93,0.42325,0,1.02178
5.48347,-6.15403,0,0.94,0.528,0,1.07814
5.49292,-6.14823,0,0.95,0.63125,0,1.1406
5.50247,-6.14141,0,0.96,0.733,0,1.20784
5.51212,-6.13357,0,0.97,0.83325,0,1.27875
5.52187,-6.12475,0,0.98,0.932,0,1.35241
5.53172,-6.11494,0,0.99,1.02925,0,1.4281
5.54167,-6.10417,0,1,1.125,0,1.5052
5.55172,-6.09244,0,1.01,1.21925,0,1.58325
5.56187,-6.07979,0,1.02,1.312,0,1.66185
5.57212,-6.06621,0,1.03,1.40325,0,1.74069
5.58247,-6.05173,0,1.04,1.493,0,1.81952
5.59292,-6.03635,0,1.05,1.58125,0,1.89812
5.60347,-6.02011,0,1.06,1.668,0,1.97632
5.61412,-6.003,0,1.07,1.75325,0,2.05397
5.62487,-5.98505,0,1.08,1.837,0,2.13095
5.63572,-5.96626,0,1.09,1.91925,0,2.20717
5.64667,-5.94667,0,1.1,2,0,2.28254
5.65772,-5.92627,0,1.11,2.07925,0,2.35699
5.66887,-5.90509,0,1.12,2.157,0,2.43044
5.68012,-5.88313,0,1.13,2.23325,0,2.50286
5.69147,-5.86043,0,1.14,2.308,0,2.57419
5.70292,-5.83698,0,1.15,2.38125,0,2.6444
5.71447,-5.81281,0,1.16,2.453,0,2.71345
5.72612,-5.78792,0,1.17,2.52325,0,2.78131
5.73787,-5.76235,0,1.18,2.592,0,2.84796
5.74972,-5.73609,0,1.19,2.65925,0,2.91337
5.76167,-5.70917,0,1.2,2.725,0,2.97752
5.77372,-5.68159,0,1.21,2.78925,0,3.0404
5.78587,-5.65339,0,1.22,2.852,0,3.10198
5.79812,-5.62456,0,1.23,2.91325,0,3.16227
5.81047,-5.59513,0,1.24,2.973,0,3.22123
5.82292,-5.5651,0,1.25,3.03125,0,3.27887
5.83547,-5.53451,0,1.26,3.088,0,3.33517
5.84812,-5.50335,0,1.27,3.14325,0,3.39012
5.86087,-5.47165,0,1.28,3.197,0,3.44372
5.87372,-5.43941,0,1.29,3.24925,0,3.49596
5.88667,-5.40667,0,1.3,3.3,0,3.54683
5.89972,-5.37342,0,1.31,3.34925,0,3.59633
5.91287,-5.33969,0,1.32,3.397,0,3.64445
5.92612,-5.30548,0,1.33,3.44325,0,3.69119
5.93947,-5.27083,0,1.34,3.488,0,3.73654
5.95292,-5.23573,0,1.35,3.53125,0,3.78051
5.96647,-5.20021,0,1.36,3.573,0,3.82308
5.98012,-5.16427,0,1.37,3.61325,0,3.86426
5.99387,-5.12795,0,1.38,3.652,0,3.90404
6.00772,-5.09124,0,1.39,3.68925,0,3.94242
6.02167,-5.05417,0,1.4,3.725,0,3.9794
6.03572,-5.01674,0,1.41,3.75925,0,4.01498
6.04987,-4.97899,0,1.42,3.792,0,4.04916
6.06412,-4.94091,0,1.43,3.82325,0,4.08193
6.07847,-4.90253,0,1.44,3.853,0,4.1133
6.09292,-4.86385,0,1.45,3.88125,0,4.14326
6.10747,-4.82491,0,1.46,3.908,0,4.17182
6.12212,-4.7857,0,1.47,3.93325,0,4.19897
6.13687,-4.74625,0,1.48,3.957,0,4.22472
6.15172,-4.70656,0,1.49,3.97925,0,4.24906
6.16667,-4.66667,0,1.5,4,0,4.272
6.16667,-4.66667,0,1.5,4,0,4.272
6.18172,-4.62657,0,1.5101,4.0199,0,4.29418
6.19687,-4.58627,0,1.5204,4.0396,0,4.31625
6.21213,-4.54578,0,1.5309,4.0591,0,4.3382
6.22749,-4.50509,0,1.5416,4.0784,0,4.36003
6.24296,-4.46421,0,1.5525,4.0975,0,4.38175
6.25854,-4.42314,0,1.5636,4.1164,0,4.40336
6.27423,-4.38188,0,1.5749,4.1351,0,4.42486
6.29004,-4.34044,0,1.5864,4.1536,0,4.44624
6.30596,-4.29881,0,1.5981,4.1719,0,4.46751
6.322,-4.257,0,1.61,4.19,0,4.48867
6.33816,-4.21501,0,1.6221,4.2079,0,4.50973
6.35444,-4.17284,0,1.6344,4.2256,0,4.53067
6.37085,-4.1305,0,1.6469,4.2431,0,4.5515
6.38738,-4.08798,0,1.6596,4.2604,0,4.57223
6.40404,-4.04529,0,1.6725,4.2775,0,4.59285
6.42083,-4.00243,0,1.6856,4.2944,0,4.61336
6.43775,-3.9594,0,1.6989,4.3111,0,4.63377
6.45481,-3.91621,0,1.7124,4.3276,0,4.65408
6.472,-3.87285,0,1.7261,4.3439,0,4.67428
6.48933,-3.82933,0,1.74,4.36,0,4.69438
6.5068,-3.78565,0,1.7541,4.3759,0,4.71438
6.52442,-3.74182,0,1.7684,4.3916,0,4.73428
6.54217,-3.69782,0,1.7829,4.4071,0,4.75408
6.56007,-3.65367,0,1.7976,4.4224,0,4.77378
6.57812,-3.60937,0,1.8125,4.4375,0,4.79339
6.59633,-3.56493,0,1.8276,4.4524,0,4.8129
6.61468,-3.52033,0,1.8429,4.4671,0,4.83231
6.63318,-3.47558,0,1.8584,4.4816,0,4.85164
6.65185,-3.4307,0,1.8741,4.4959,0,4.87087
6.67067,-3.38567,0,1.89,4.51,0,4.89001
6.68965,-3.3405,0,1.9061,4.5239,0,4.90906
6.70879,-3.29519,0,1.9224,4.5376,0,4.92803
6.7281,-3.24975,0,1.9389,4.5511,0,4.9469
6.74757,-3.20417,0,1.9556,4.5644,0,4.96569
6.76721,-3.15846,0,1.9725,4.5775,0,4.9844
6.78702,-3.11262,0,1.9896,4.5904,0,5.00303
6.807,-3.06665,0,2.0069,4.6031,0,5.02157
6.82716,-3.02056,0,2.0244,4.6156,0,5.04004
6.84749,-2.97434,0,2.0421,4.6279,0,5.05842
6.868,-2.928,0,2.06,4.64,0,5.07673
6.88869,-2.88154,0,2.0781,4.6519,0,5.09497
6.90956,-2.83496,0,2.0964,4.6636,0,5.11313
6.93062,-2.78827,0,2.1149,4.6751,0,5.13121
6.95186,-2.74146,0,2.1336,4.6864,0,5.14923
6.97329,-2.69454,0,2.1525,4.6975,0,5.16718
6.99491,-2.64751,0,2.1716,4.7084,0,5.18506
7.01672,-2.60037,0,2.1909,4.7191,0,5.20288
7.03873,-2.55313,0,2.2104,4.7296,0,5.22063
7.06093,-2.50578,0,2.2301,4.7399,0,5.23832
7.08333,-2.45833,0,2.25,4.75,0,5.25595
7.10593,-2.41078,0,2.2701,4.7599,0,5.27352
7.12874,-2.36314,0,2.2904,4.7696,0,5.29103
7.15174,-2.31539,0,2.3109,4.7791,0,5.30849
7.17495,-2.26755,0,2.3316,4.7884,0,5.32589
7.19837,-2.21962,0,2.3525,4.7975,0,5.34324
7.22201,-2.17161,0,2.3736,4.8064,0,5.36055
7.24585,-2.1235,0,2.3949,4.8151,0,5.3778
7.2699,-2.0753,0,2.4164,4.8236,0,5.39501
7.29418,-2.02703,0,2.4381,4.8319,0,5.41217
7.31867,-1.97867,0,2.46,4.84,0,5.42929
7.34338,-1.93023,0,2.4821,4.8479,0,5.44637
7.36831,-1.88171,0,2.5044,4.8556,0,5.46341
7.39347,-1.83312,0,2.5269,4.8631,0,5.48042
7.41885,-1.78445,0,2.5496,4.8704,0,5.49739
7.44446,-1.73571,0,2.5725,4.8775,0,5.51432
7.4703,-1.6869,0,2.5956,4.8844,0,5.53123
7.49637,-1.63802,0,2.6189,4.8911,0,5.54811
7.52268,-1.58908,0,2.6424,4.8976,0,5.56496
7.54922,-1.54007,0,2.6661,4.9039,0,5.58179
7.576,-1.491,0,2.69,4.91,0,5.59859
7.60302,-1.44187,0,2.7141,4.9159,0,5.61537
7.63028,-1.39268,0,2.7384,4.9216,0,5.63214
7.65779,-1.34344,0,2.7629,4.9271,0,5.64889
7.68554,-1.29414,0,2.7876,4.9324,0,5.66562
7.71354,-1.24479,0,2.8125,4.9375,0,5.68235
7.74179,-1.19539,0,2.8376,4.9424,0,5.69906
7.77029,-1.14594,0,2.8629,4.9471,0,5.71577
7.79905,-1.09645,0,2.8884,4.9516,0,5.73247
7.82806,-1.04691,0,2.9141,4.9559,0,5.74917
7.85733,-0.997333,0,2.94,4.96,0,5.76587
7.88686,-0.947714,0,2.9661,4.9639,0,5.78256
7.91666,-0.898056,0,2.9924,4.9676,0,5.79927
7.94671,-0.848362,0,3.0189,4.9711,0,5.81598
7.97703,-0.798635,0,3.0456,4.9744,0,5.8327
8.00762,-0.748875,0,3.0725,4.9775,0,5.84942
8.03849,-0.699085,0,3.0996,4.9804,0,5.86617
8.06962,-0.649268,0,3.1269,4.9831,0,5.88292
8.10102,-0.599424,0,3.1544,4.9856,0,5.8997
8.13271,-0.549556,0,3.1821,4.9879,0,5.91649
8.16467,-0.499667,0,3.21,4.99,0,5.93331
8.19691,-0.449757,0,3.2381,4.9919,0,5.95016
8.22943,-0.399829,0,3.2664,4.9936,0,5.96703
8.26224,-0.349886,0,3.2949,4.9951,0,5.98393
8.29533,-0.299928,0,3.3236,4.9964,0,6.00086
8.32871,-0.249958,0,3.3525,4.9975,0,6.01783
8.36238,-0.199979,0,3.3816,4.9984,0,6.03483
8.39634,-0.149991,0,3.4109,4.9991,0,6.05188
8.4306,-0.0999973,0,3.4404,4.9996,0,6.06897
8.46515,-0.0499997,0,3.4701,4.9999,0,6.0861
8.5,-1.11022e-16,0,3.5,5,0,6.10328
8.5,0,0,3.5,5,0,6.10328
8.53515,0.0499968,0,3.5298,4.99905,0,6.11964
8.57059,0.0999747,0,3.5592,4.9962,0,6.13432
8.60633,0.149914,0,3.5882,4.99145,0,6.14734
8.64236,0.199797,0,3.6168,4.9848,0,6.15869
8.67867,0.249604,0,3.645,4.97625,0,6.16839
8.71526,0.299316,0,3.6728,4.9658,0,6.17646
8.75212,0.348914,0,3.7002,4.95345,0,6.18289
8.78926,0.398379,0,3.7272,4.9392,0,6.18771
8.82666,0.447691,0,3.7538,4.92305,0,6.19092
8.86433,0.496833,0,3.78,4.905,0,6.19253
8.90226,0.545785,0,3.8058,4.88505,0,6.19256
8.94045,0.594528,0,3.8312,4.8632,0,6.19103
8.97889,0.643043,0,3.8562,4.83945,0,6.18794
9.01757,0.691311,0,3.8808,4.8138,0,6.18331
9.0565,0.739313,0,3.905,4.78625,0,6.17715
9.09567,0.787029,0,3.9288,4.7568,0,6.16949
9.13507,0.834442,0,3.9522,4.72545,0,6.16034
9.17471,0.881532,0,3.9752,4.6922,0,6.14971
9.21458,0.92828,0,3.9978,4.65705,0,6.13763
9.25467,0.974667,0,4.02,4.62,0,6.12412
9.29498,1.02067,0,4.0418,4.58105,0,6.10919
9.3355,1.06628,0,4.0632,4.5402,0,6.09287
9.37624,1.11147,0,4.0842,4.49745,0,6.07517
9.41718,1.15622,0,4.1048,4.4528,0,6.05614
9.45833,1.20052,0,4.125,4.40625,0,6.03578
9.49968,1.24434,0,4.1448,4.3578,0,6.01413
9.54123,1.28767,0,4.1642,4.30745,0,5.99122
9.58297,1.33049,0,4.1832,4.2552,0,5.96707
9.62489,1.37277,0,4.2018,4.20105,0,5.94171
9.667,1.4145,0,4.22,4.145,0,5.91519
9.70929,1.45566,0,4.2378,4.08705,0,5.88752
9.75175,1.49623,0,4.2552,4.0272,0,5.85876
9.79439,1.5362,0,4.2722,3.96545,0,5.82894
9.8372,1.57554,0,4.2888,3.9018,0,5.79809
9.88017,1.61423,0,4.305,3.83625,0,5.76627
9.9233,1.65226,0,4.3208,3.7688,0,5.73351
9.96658,1.6896,0,4.3362,3.69945,0,5.69987
10.01,1.72624,0,4.3512,3.6282,0,5.6654
10.0536,1.76216,0,4.3658,3.55505,0,5.63015
10.0973,1.79733,0,4.38,3.48,0,5.59418
10.1412,1.83175,0,4.3938,3.40305,0,5.55754
10.1852,1.86539,0,4.4072,3.3242,0,5.5203
10.2293,1.89823,0,4.4202,3.24345,0,5.48253
10.2736,1.93025,0,4.4328,3.1608,0,5.4443
10.318,1.96144,0,4.445,3.07625,0,5.40568
10.3625,1.99177,0,4.4568,2.9898,0,5.36675
10.4071,2.02123,0,4.4682,2.90145,0,5.32759
10.4519,2.04979,0,4.4792,2.8112,0,5.2883
10.4967,2.07744,0,4.4898,2.71905,0,5.24896
10.5417,2.10417,0,4.5,2.625,0,5.20967
10.5867,2.12994,0,4.5098,2.52905,0,5.17053
10.6319,2.15474,0,4.5192,2.4312,0,5.13166
10.6771,2.17856,0,4.5282,2.33145,0,5.09316
10.7224,2.20136,0,4.5368,2.2298,0,5.05515
10.7678,2.22315,0,4.545,2.12625,0,5.01776
10.8133,2.24388,0,4.5528,2.0208,0,4.98113
10.8589,2.26356,0,4.5602,1.91345,0,4.94537
10.9045,2.28215,0,4.5672,1.8042,0,4.91065
10.9502,2.29963,0,4.5738,1.69305,0,4.8771
10.996,2.316,0,4.58,1.58,0,4.84487
11.0418,2.33123,0,4.5858,1.46505,0,4.81414
11.0877,2.34529,0,4.5912,1.3482,0,4.78506
11.1337,2.35818,0,4.5962,1.22945,0,4.75779
11.1796,2.36988,0,4.6008,1.1088,0,4.73253
11.2257,2.38035,0,4.605,0.98625,0,4.70943
11.2717,2.3896,0,4.6088,0.8618,0,4.68868
11.3178,2.39758,0,4.6122,0.73545,0,4.67047
11.364,2.4043,0,4.6152,0.6072,0,4.65497
11.4101,2.40972,0,4.6178,0.47705,0,4.64238
11.4563,2.41383,0,4.62,0.345,0,4.63286
11.5025,2.41662,0,4.6218,0.21105,0,4.62662
11.5488,2.41805,0,4.6232,0.0752,0,4.62381
11.595,2.41811,0,4.6242,-0.06255,0,4.62462
11.6413,2.41679,0,4.6248,-0.2022,0,4.62922
11.6875,2.41406,0,4.625,-0.34375,0,4.63776
11.7337,2.40991,0,4.6248,-0.4872,0,4.65039
11.78,2.40431,0,4.6242,-0.63255,0,4.66726
11.8262,2.39725,0,4.6232,-0.7798,0,4.6885
11.8725,2.38871,0,4.6218,-0.92895,0,4.71423
11.9187,2.37867,0,4.62,-1.08,0,4.74455
11.9649,2.3671,0,4.6178,-1.23295,0,4.77957
12.011,2.354,0,4.6152,-1.3878,0,4.81934
12.0572,2.33934,0,4.6122,-1.54455,0,4.86395
12.1033,2.3231,0,4.6088,-1.7032,0,4.91344
12.1493,2.30527,0,4.605,-1.86375,0,4.96786
12.1954,2.28582,0,4.6008,-2.0262,0,5.02721
12.2413,2.26474,0,4.5962,-2.19055,0,5.09152
12.2873,2.24201,0,4.5912,-2.3568,0,5.16078
12.3332,2.2176,0,4.5858,-2.52495,0,5.23497
12.379,2.1915,0,4.58,-2.695,0,5.31408
12.4248,2.16369,0,4.5738,-2.86695,0,5.39806
12.4705,2.13415,0,4.5672,-3.0408,0,5.48687
12.5161,2.10287,0,4.5602,-3.21655,0,5.58047
12.5617,2.06982,0,4.5528,-3.3942,0,5.67878
12.6072,2.03498,0,4.545,-3.57375,0,5.78176
12.6526,1.99834,0,4.5368,-3.7552,0,5.88932
12.6979,1.95987,0,4.5282,-3.93855,0,6.0014
12.7431,1.91956,0,4.5192,-4.1238,0,6.11792
12.7883,1.87739,0,4.5098,-4.31095,0,6.2388
12.8333,1.83333,0,4.5,-4.5,0,6.36396
12.8333,1.83333,0,4.5,-4.5,0,6.36396
12.8783,1.78739,0,4.48985,-4.68835,0,6.49149
12.9231,1.73958,0,4.4794,-4.8734,0,6.61929
12.9679,1.68993,0,4.46865,-5.05515,0,6.7471
13.0125,1.63849,0,4.4576,-5.2336,0,6.87465
13.057,1.58527,0,4.44625,-5.40875,0,7.00169
13.1014,1.53032,0,4.4346,-5.5806,0,7.12803
13.1457,1.47367,0,4.42265,-5.74915,0,7.25345
13.1899,1.41535,0,4.4104,-5.9144,0,7.37779
13.2339,1.35539,0,4.39785,-6.07635,0,7.50087
13.2778,1.29383,0,4.385,-6.235,0,7.62256
13.3216,1.2307,0,4.37185,-6.39035,0,7.74272
13.3653,1.16604,0,4.3584,-6.5424,0,7.86121
13.4088,1.09987,0,4.34465,-6.69115,0,7.97794
13.4522,1.03223,0,4.3306,-6.8366,0,8.09279
13.4954,0.963146,0,4.31625,-6.97875,0,8.20567
13.5385,0.892661,0,4.3016,-7.1176,0,8.31649
13.5814,0.820805,0,4.28665,-7.25315,0,8.42517
13.6242,0.747609,0,4.2714,-7.3854,0,8.53165
13.6669,0.673108,0,4.25585,-7.51435,0,8.63584
13.7093,0.597333,0,4.24,-7.64,0,8.73769
13.7517,0.520319,0,4.22385,-7.76235,0,8.83714
13.7938,0.442097,0,4.2074,-7.8814,0,8.93413
13.8358,0.362702,0,4.19065,-7.99715,0,9.02862
13.8776,0.282165,0,4.1736,-8.1096,0,9.12056
13.9193,0.200521,0,4.15625,-8.21875,0,9.2099
13.9607,0.117801,0,4.1386,-8.3246,0,9.29661
14.002,0.0340398,0,4.12065,-8.42715,0,9.38065
14.0432,-0.0507307,0,4.1024,-8.5264,0,9.46199
14.0841,-0.136477,0,4.08385,-8.62235,0,9.54058
14.1248,-0.223167,0,4.065,-8.715,0,9.61642
14.1654,-0.310766,0,4.04585,-8.80435,0,9.68945
14.2057,-0.399243,0,4.0264,-8.8904,0,9.75967
14.2459,-0.488563,0,4.00665,-8.97315,0,9.82704
14.2859,-0.578695,0,3.9866,-9.0526,0,9.89154
14.3256,-0.669604,0,3.96625,-9.12875,0,9.95315
14.3652,-0.761259,0,3.9456,-9.2016,0,10.0119
14.4046,-0.853625,0,3.92465,-9.27115,0,10.0676
14.4437,-0.946671,0,3.9034,-9.3374,0,10.1205
14.4826,-1.04036,0,3.88185,-9.40035,0,10.1703
14.5213,-1.13467,0,3.86,-9.46,0,10.2172
14.5598,-1.22955,0,3.83785,-9.51635,0,10.2611
14.5981,-1.32498,0,3.8154,-9.5694,0,10.302
14.6361,-1.42093,0,3.79265,-9.61915,0,10.3398
14.6739,-1.51735,0,3.7696,-9.6656,0,10.3747
14.7115,-1.61423,0,3.74625,-9.70875,0,10.4065
14.7489,-1.71152,0,3.7226,-9.7486,0,10.4352
14.786,-1.80919,0,3.69865,-9.78515,0,10.4608
14.8228,-1.90721,0,3.6744,-9.8184,0,10.4834
14.8595,-2.00555,0,3.64985,-9.84835,0,10.5029
14.8958,-2.10417,0,3.625,-9.875,0,10.5193
14.932,-2.20304,0,3.59985,-9.89835,0,10.5326
14.9678,-2.30212,0,3.5744,-9.9184,0,10.5428
15.0034,-2.40139,0,3.54865,-9.93515,0,10.5499
15.0388,-2.50081,0,3.5226,-9.9486,0,10.5538
15.0739,-2.60035,0,3.49625,-9.95875,0,10.5546
15.1087,-2.69998,0,3.4696,-9.9656,0,10.5523
15.1433,-2.79966,0,3.44265,-9.96915,0,10.5468
15.1776,-2.89935,0,3.4154,-9.9694,0,10.5382
15.2116,-2.99903,0,3.38785,-9.96635,0,10.5264
15.2453,-3.09867,0,3.36,-9.96,0,10.5115
15.2788,-3.19822,0,3.33185,-9.95035,0,10.4934
15.312,-3.29766,0,3.3034,-9.9374,0,10.4721
15.3449,-3.39696,0,3.27465,-9.92115,0,10.4476
15.3775,-3.49607,0,3.2456,-9.9016,0,10.42
15.4098,-3.59498,0,3.21625,-9.87875,0,10.3891
15.4418,-3.69364,0,3.1866,-9.8526,0,10.3551
15.4735,-3.79202,0,3.15665,-9.82315,0,10.3179
15.5049,-3.89009,0,3.1264,-9.7904,0,10.2775
15.536,-3.98782,0,3.09585,-9.75435,0,10.2338
15.5668,-4.08517,0,3.065,-9.715,0,10.187
15.5973,-4.18211,0,3.03385,-9.67235,0,10.137
15.6275,-4.2786,0,3.0024,-9.6264,0,10.0837
15.6574,-4.37462,0,2.97065,-9.57715,0,10.0273
15.6869,-4.47013,0,2.9386,-9.5246,0,9.96762
15.7161,-4.5651,0,2.90625,-9.46875,0,9.90472
15.745,-4.6595,0,2.8736,-9.4096,0,9.83861
15.7736,-4.75329,0,2.84065,-9.34715,0,9.76926
15.8019,-4.84643,0,2.8074,-9.2814,0,9.69669
15.8298,-4.9389,0,2.77385,-9.21235,0,9.6209
15.8573,-5.03067,0,2.74,-9.14,0,9.54187
15.8846,-5.12169,0,2.70585,-9.06435,0,9.4596
15.9114,-5.21194,0,2.6714,-8.9854,0,9.3741
15.938,-5.30139,0,2.63665,-8.90315,0,9.28536
15.9642,-5.38999,0,2.6016,-8.8176,0,9.19339
15.99,-5.47773,0,2.56625,-8.72875,0,9.09817
16.0155,-5.56456,0,2.5306,-8.6366,0,8.99971
16.0406,-5.65045,0,2.49465,-8.54115,0,8.89801
16.0654,-5.73537,0,2.4584,-8.4424,0,8.79306
16.0898,-5.81929,0,2.42185,-8.34035,0,8.68486
16.1138,-5.90217,0,2.385,-8.235,0,8.57342
16.1375,-5.98398,0,2.34785,-8.12635,0,8.45872
16.1608,-6.06468,0,2.3104,-8.0144,0,8.34078
16.1837,-6.14425,0,2.27265,-7.89915,0,8.21958
16.2062,-6.22265,0,2.2346,-7.7806,0,8.09513
16.2284,-6.29985,0,2.19625,-7.65875,0,7.96743
16.2502,-6.37582,0,2.1576,-7.5336,0,7.83648
16.2715,-6.45052,0,2.11865,-7.40515,0,7.70227
16.2925,-6.52391,0,2.0794,-7.2734,0,7.5648
16.3131,-6.59597,0,2.03985,-7.13835,0,7.42408
16.3333,-6.66667,0,2,-7,0,7.28011
16.3333,-6.66667,0,2,-7,0,7.28011
16.3531,-6.73597,0,1.9602,-6.8607,0,7.13524
16.3725,-6.80389,0,1.9208,-6.7228,0,6.99182
16.3916,-6.87043,0,1.8818,-6.5863,0,6.84986
16.4102,-6.93562,0,1.8432,-6.4512,0,6.70935
16.4284,-6.99946,0,1.805,-6.3175,0,6.5703
16.4463,-7.06197,0,1.7672,-6.1852,0,6.43271
16.4638,-7.12317,0,1.7298,-6.0543,0,6.29657
16.4809,-7.18306,0,1.6928,-5.9248,0,6.16189
16.4976,-7.24167,0,1.6562,-5.7967,0,6.02866
16.514,-7.299,0,1.62,-5.67,0,5.89689
16.53,-7.35507,0,1.5842,-5.5447,0,5.76658
16.5457,-7.4099,0,1.5488,-5.4208,0,5.63772
16.561,-7.46349,0,1.5138,-5.2983,0,5.51032
16.576,-7.51587,0,1.4792,-5.1772,0,5.38437
16.5906,-7.56704,0,1.445,-5.0575,0,5.25988
16.6049,-7.61702,0,1.4112,-4.9392,0,5.13685
16.6188,-7.66583,0,1.3778,-4.8223,0,5.01527
16.6324,-7.71347,0,1.3448,-4.7068,0,4.89515
16.6457,-7.75997,0,1.3122,-4.5927,0,4.77648
16.6587,-7.80533,0,1.28,-4.48,0,4.65927
16.6713,-7.84958,0,1.2482,-4.3687,0,4.54352
16.6836,-7.89271,0,1.2168,-4.2588,0,4.42922
16.6956,-7.93476,0,1.1858,-4.1503,0,4.31638
16.7073,-7.97572,0,1.1552,-4.0432,0,4.20499
16.7187,-8.01562,0,1.125,-3.9375,0,4.09506
16.7299,-8.05448,0,1.0952,-3.8332,0,3.98659
16.7407,-8.09229,0,1.0658,-3.7303,0,3.87957
16.7512,-8.12909,0,1.0368,-3.6288,0,3.77401
16.7614,-8.16487,0,1.0082,-3.5287,0,3.6699
16.7713,-8.19967,0,0.98,-3.43,0,3.56725
16.781,-8.23348,0,0.9522,-3.3327,0,3.46606
16.7904,-8.26633,0,0.9248,-3.2368,0,3.36632
16.7995,-8.29822,0,0.8978,-3.1423,0,3.26804
16.8083,-8.32918,0,0.8712,-3.0492,0,3.17122
16.8169,-8.35921,0,0.845,-2.9575,0,3.07585
16.8252,-8.38833,0,0.8192,-2.8672,0,2.98193
16.8333,-8.41656,0,0.7938,-2.7783,0,2.88948
16.8411,-8.4439,0,0.7688,-2.6908,0,2.79847
16.8487,-8.47038,0,0.7442,-2.6047,0,2.70893
16.856,-8.496,0,0.72,-2.52,0,2.62084
16.8631,-8.52078,0,0.6962,-2.4367,0,2.53421
16.8699,-8.54474,0,0.6728,-2.3548,0,2.44903
16.8765,-8.56788,0,0.6498,-2.2743,0,2.36531
16.8829,-8.59023,0,0.6272,-2.1952,0,2.28304
16.8891,-8.61179,0,0.605,-2.1175,0,2.20223
16.895,-8.63258,0,0.5832,-2.0412,0,2.12288
16.9007,-8.65262,0,0.5618,-1.9663,0,2.04498
16.9063,-8.67191,0,0.5408,-1.8928,0,1.96854
16.9116,-8.69048,0,0.5202,-1.8207,0,1.89356
16.9167,-8.70833,0,0.5,-1.75,0,1.82003
16.9216,-8.72549,0,0.4802,-1.6807,0,1.74795
16.9263,-8.74195,0,0.4608,-1.6128,0,1.67734
16.9308,-8.75775,0,0.4418,-1.5463,0,1.60818
16.9351,-8.77288,0,0.4232,-1.4812,0,1.54047
16.9392,-8.78737,0,0.405,-1.4175,0,1.47422
16.9432,-8.80124,0,0.3872,-1.3552,0,1.40943
16.947,-8.81448,0,0.3698,-1.2943,0,1.34609
16.9506,-8.82713,0,0.3528,-1.2348,0,1.28421
16.9541,-8.83918,0,0.3362,-1.1767,0,1.22379
16.9573,-8.85067,0,0.32,-1.12,0,1.16482
16.9605,-8.86159,0,0.3042,-1.0647,0,1.1073
16.9634,-8.87197,0,0.2888,-1.0108,0,1.05125
16.9662,-8.88181,0,0.2738,-0.9583,0,0.996647
16.9689,-8.89114,0,0.2592,-0.9072,0,0.943502
16.9714,-8.89996,0,0.245,-0.8575,0,0.891813
16.9738,-8.90829,0,0.2312,-0.8092,0,0.841581
16.976,-8.91615,0,0.2178,-0.7623,0,0.792804
16.9782,-8.92354,0,0.2048,-0.7168,0,0.745483
16.9801,-8.93049,0,0.1922,-0.6727,0,0.699619
16.982,-8.937,0,0.18,-0.63,0,0.65521
16.9837,-8.94309,0,0.1682,-0.5887,0,0.612257
16.9854,-8.94878,0,0.1568,-0.5488,0,0.570761
16.9869,-8.95407,0,0.1458,-0.5103,0,0.53072
16.9883,-8.95899,0,0.1352,-0.4732,0,0.492135
16.9896,-8.96354,0,0.125,-0.4375,0,0.455007
16.9908,-8.96774,0,0.1152,-0.4032,0,0.419334
16.9919,-8.97161,0,0.1058,-0.3703,0,0.385118
16.9929,-8.97515,0,0.0968,-0.3388,0,0.352357
16.9938,-8.97839,0,0.0882,-0.3087,0,0.321053
16.9947,-8.98133,0,0.08,-0.28,0,0.291204
16.9954,-8.984,0,0.0722,-0.2527,0,0.262812
16.9961,-8.98639,0,0.0648,-0.2268,0,0.235876
16.9967,-8.98854,0,0.0578,-0.2023,0,0.210395
16.9973,-8.99044,0,0.0512,-0.1792,0,0.186371
16.9977,-8.99212,0,0.045,-0.1575,0,0.163802
16.9982,-8.9936,0,0.0392,-0.1372,0,0.14269
16.9985,-8.99487,0,0.0338,-0.1183,0,0.123034
16.9988,-8.99597,0,0.0288,-0.1008,0,0.104834
16.9991,-8.99689,0,0.0242,-0.0847,0,0.0880893
16.9993,-8.99767,0,0.02,-0.07,0,0.0728011
16.9995,-8.9983,0,0.0162,-0.0567,0,0.0589689
16.9997,-8.99881,0,0.0128,-0.0448,0,0.0465927
16.9998,-8.9992,0,0.0098,-0.0343,0,0.0356725
16.9999,-8.9995,0,0.0072,-0.0252,0,0.0262084
16.9999,-8.99971,0,0.005,-0.0175,0,0.0182003
17,-8.99985,0,0.0032,-0.0112,0,0.0116482
17,-8.99994,0,0.0018,-0.0063,0,0.0065521
17,-8.99998,0,0.0008,-0.0028,0,0.00291204
17,-9,0,0.0002,-0.0007,0,0.000728011
17,-9,0,0,0,0,0
17,-9,0,0,0,0,0
17,-9,0,2.04697e-16,-1.60625e-16,0,2.60195e-16
17,-9,0,-2.73392e-15,2.4568e-16,0,2.74494e-15
17,-9,0,6.50521e-17,3.31332e-16,0,3.37658e-16
17,-9,0,-2.77556e-16,9.45424e-17,0,2.93216e-16
17,-9,0,1.56819e-15,4.23273e-16,0,1.62431e-15
17,-9,0,2.60209e-16,4.3715e-16,0,5.08733e-16
17,-9,0,-6.31439e-16,1.01308e-15,0,1.19375e-15
17,-9,0,-1.11022e-15,-5.10009e-16,0,1.22176e-15
17,-9,0,-1.19349e-15,3.19189e-16,0,1.23543e-15
17,-9,0,-8.32667e-16,8.04912e-16,0,1.15811e-15
17,-9,0,-1.11022e-16,1.11022e-16,0,1.57009e-16
17,-9,0,1.04083e-15,-2.77556e-17,0,1.0412e-15
17,-9,0,8.60423e-16,-4.996e-16,0,9.94951e-16
17,-9,0,-7.49401e-16,4.996e-16,0,9.00667e-16
17,-9,0,-1.38778e-16,2.91434e-16,0,3.22789e-16
17,-9,0,8.88178e-16,-2.63678e-16,0,9.26492e-16
17,-9,0,5.27356e-16,-2.22045e-16,0,5.72196e-16
17,-9,0,-1.22125e-15,3.88578e-16,0,1.28157e-15
17,-9,0,1.05471e-15,-2.498e-16,0,1.08389e-15
17,-9,0,2.22045e-16,-3.33067e-16,0,4.00297e-16
17,-9,0,1.33227e-15,-5.82867e-16,0,1.45419e-15
17,-9,0,-2.22045e-15,-4.44089e-16,0,2.26442e-15
17,-9,0,-1.11022e-16,1.19349e-15,0,1.19864e-15
17,-9,0,6.10623e-16,7.77156e-16,0,9.88348e-16
17,-9,0,0,0,0,0
17,-9,0,1.66533e-15,6.66134e-16,0,1.79362e-15
17,-9,0,-1.11022e-16,-6.66134e-16,0,6.75322e-16
17,-9,0,5.55112e-16,2.22045e-16,0,5.97873e-16
17,-9,0,1.44329e-15,-8.32667e-16,0,1.66626e-15
17,-9,0,-5.55112e-16,-6.10623e-16,0,8.25233e-16
17,-9,0,2.9976e-15,2.77556e-16,0,3.01042e-15
17,-9,0,-1.77636e-15,-1.66533e-16,0,1.78415e-15
17,-9,0,-8.88178e-16,9.4369e-16,0,1.29592e-15
17,-9,0,-1.44329e-15,8.88178e-16,0,1.69468e-15
17,-9,0,0,5.55112e-16,0,5.55112e-16
17,-9,0,-1.33227e-15,-2.22045e-16,0,1.35064e-15
17,-9,0,-2.66454e-15,1.44329e-15,0,3.03032e-15
17,-9,0,-1.11022e-15,-1.11022e-16,0,1.11576e-15
17,-9,0,4.44089e-16,-8.88178e-16,0,9.93014e-16
17,-9,0,-2.66454e-15,1.33227e-15,0,2.97904e-15
17,-9,0,-8.88178e-16,2.22045e-16,0,9.15513e-16
17,-9,0,-1.77636e-15,1.22125e-15,0,2.15566e-15
17,-9,0,-2.22045e-16,6.66134e-16,0,7.02167e-16
17,-9,0,-1.77636e-15,8.88178e-16,0,1.98603e-15
17,-9,0,6.66134e-16,-1.11022e-15,0,1.29473e-15
17,-9,0,-4.44089e-16,-5.55112e-16,0,7.1089e-16
17,-9,0,-1.11022e-15,-2.22045e-16,0,1.13221e-15
17,-9,0,6.66134e-16,-4.44089e-16,0,8.00593e-16
17,-9,0,-8.88178e-16,-8.88178e-16,0,1.25607e-15
17,-9,0,0,0,0,0
17,-9,0,-8.88178e-16,6.66134e-16,0,1.11022e-15
17,-9,0,1.33227e-15,0,0,1.33227e-15
17,-9,0,1.33227e-15,0,0,1.33227e-15
17,-9,0,1.33227e-15,0,0,1.33227e-15
17,-9,0,-4.44089e-16,6.66134e-16,0,8.00593e-16
17,-9,0,4.44089e-16,8.88178e-16,0,9.93014e-16
17,-9,0,0,-2.22045e-16,0,2.22045e-16
17,-9,0,4.44089e-16,2.22045e-16,0,4.96507e-16
17,-9,0,8.88178e-16,-8.88178e-16,0,1.25607e-15
17,-9,0,1.33227e-15,1.11022e-15,0,1.73422e-15
17,-9,0,4.44089e-16,-4.44089e-16,0,6.28037e-16
17,-9,0,1.33227e-15,2.22045e-16,0,1.35064e-15
17,-9,0,-8.88178e-16,2.22045e-16,0,9.15513e-16
17,-9,0,1.77636e-15,-6.66134e-16,0,1.89715e-15
17,-9,0,-4.44089e-16,-6.66134e-16,0,8.00593e-16
17,-9,0,0,2.22045e-16,0,2.22045e-16
17,-9,0,8.88178e-16,0,0,8.88178e-16
17,-9,0,-4.44089e-16,8.88178e-16,0,9.93014e-16
17,-9,0,-1.77636e-15,0,0,1.77636e-15
17,-9,0,0,4.44089e-16,0,4.44089e-16
17,-9,0,0,-4.44089e-16,0,4.44089e-16
17,-9,0,8.88178e-16,0,0,8.88178e-16
17,-9,0,-8.88178e-16,8.88178e-16,0,1.25607e-15
17,-9,0,0,0,0,0
17,-9,0,0,0,0,0
17,-9,0,0,-4.44089e-16,0,4.44089e-16
17,-9,0,-8.88178e-16,-8.88178e-16,0,1.25607e-15
17,-9,0,0,0,0,0
17,-9,0,-8.88178e-16,-4.44089e-16,0,9.93014e-16
17,-9,0,0,0,0,0
17,-9,0,0,-8.88178e-16,0,8.88178e-16
17,-9,0,8.88178e-16,8.88178e-16,0,1.25607e-15
17,-9,0,8.88178e-16,-8.88178e-16,0,1.25607e-15
17,-9,0,-8.88178e-16,-4.44089e-16,0,9.93014e-16
17,-9,0,0,-4.44089e-16,0,4.44089e-16
17,-9,0,8.88178e-16,-4.44089e-16,0,9.93014e-16
17,-9,0,0,0,0,0
17,-9,0,8.88178e-16,0,0,8.88178e-16
17,-9,0,-8.88178e-16,4.44089e-16,0,9.93014e-16
17,-9,0,-8.88178e-16,-4.44089e-16,0,9.93014e-16
17,-9,0,0,0,0,0
17,-9,0,0,0,0,0
17,-9,0,0,-4.44089e-16,0,4.44089e-16
17,-9,0,0,0,0,0
17,-9,0,-8.88178e-16,-8.88178e-16,0,1.25607e-15
17,-9,0,8.88178e-16,0,0,8.88178e-16
17,-9,0,-1.77636e-15,0,0,1.77636e-15
17,-9,0,0,0,0,0
17,-9,0,-1.77636e-15,8.88178e-16,0,1.98603e-15
17,-9,0,0,0,0,0
