X	Y	Z
-0.350641055	10.92048112
0.240126871	16.19275516
0.831622419	21.46780507
0.831622419	21.46780507
1.423922286	26.74554888
2.017118613	32.02590825
2.017118613	32.02590825
2.611303603	37.30881034
3.206625498	42.59417363
3.206625498	42.59417363
3.803220965	47.88192134
4.401247349	53.17197295
4.401247349	53.17197295
5.000862259	58.46424789
5.602226794	63.75866397
5.602226794	63.75866397
6.20552375	69.05513136
6.810956325	74.35355126
6.810956325	74.35355126
7.418743644	79.65381574
8.029146262	84.95579836
8.029146262	84.95579836
8.642425332	90.25936474
9.25885037	95.56436926
9.25885037	95.56436926
9.878738326	100.8706409
10.50242857	106.177989
10.50242857	106.177989
11.13028792	111.4862001
11.76270822	116.7950366
11.76270822	116.7950366
12.40010986	122.104234
13.04296387	127.4134905
13.04296387	127.4134905
13.69179429	132.7224633
14.34716661	138.0307705
14.34716661	138.0307705
15.00969747	143.3379848
15.68006713	148.6436258
15.68006713	148.6436258
16.35902001	153.9471569
17.04737984	159.2479759
17.04737984	159.2479759
17.74606046	164.5454492
18.4562532	169.8392417
18.4562532	169.8392417
19.17939385	175.1292117
19.91704864	180.4152067
19.91704864	180.4152067
20.67093454	185.6970303
21.44291333	190.9744324
21.44291333	190.9744324
22.23502086	196.2470797
23.04945347	201.5145478
23.04945347	201.5145478
23.88854515	206.776227
24.76556463	212.0230117
24.76556463	212.0230117
25.69317789	217.2423686
26.68395812	222.4203826
26.68395812	222.4203826
27.75069084	227.5420208
28.90671677	232.5912591
28.90671677	232.5912591
29.51893918	235.0756841
30.16617283	237.5512189
30.83840426	239.9825775
31.54440857	242.404345
31.54440857	242.404345
32.2779042	244.7767147
33.05904645	247.1338253
33.87667077	249.4450127
34.74010327	251.7394801
34.74010327	251.7394801
35.3402432	253.2460445
35.96777187	254.741408
36.62248036	256.2250728
37.30330228	257.6947563
38.01079414	259.1517887
38.74472095	260.5956861
38.74472095	260.5956861
39.3191346	261.6763171
39.91157182	262.7471731
40.52186633	263.8079536
41.14984682	264.8583606
41.80765466	265.9175676
42.48344596	266.9653924
43.17702381	268.0015297
43.88818613	269.0256775
43.88818613	269.0256775
44.63885009	270.0663881
45.40910773	271.0926815
46.19868224	272.1041888
47.00728984	273.1005465
47.85075156	274.1001272
48.71336951	275.083224
49.59482161	276.0494701
50.49477875	276.9985045
50.49477875	276.9985045
51.22856063	277.7405673
51.97573135	278.4691474
52.73604322	279.1840032
53.50924418	279.8848978
54.29507791	280.5715989
55.07749458	281.2308195
55.87155316	281.8759695
56.67700066	282.5068434
57.49358045	283.1232403
58.32103234	283.7249636
58.32103234	283.7249636
58.99415662	284.1993354
59.67495664	284.6626238
60.36324994	285.1147048
61.05885204	285.5554571
61.76157648	285.9847626
62.47123492	286.4025062
63.29408347	286.8675972
64.12552601	287.3171444
64.96526895	287.7509891
65.81301576	288.168978
66.66846709	288.5709636
66.66846709	288.5709636
67.35552823	288.8775356
68.04789244	289.1719353
68.74534409	289.4540711
69.44766595	289.7238551
70.15463931	289.9812032
70.86604399	290.2260354
71.55466712	290.4497684
72.24699064	290.6617742
72.94281485	290.8619915
73.64193904	291.0503626
74.34416153	291.2268332
75.04927979	291.3913523
75.04927979	291.3913523
76.10379087	291.6126279
77.16205227	291.8152096
78.22373261	291.9990339
79.28849945	292.1640433
80.37792072	292.3129832
81.46985381	292.4422268
82.56394265	292.5517319
83.65983047	292.641463
83.65983047	292.641463
85.15683271	292.7410361
86.65541013	292.8131208
88.15505804	292.8576928
89.68178686	292.8747907
91.20856873	292.8633734
92.7348711	292.8234448
92.7348711	292.8234448
94.27957115	292.7555003
95.82306378	292.6641481
97.3649943	292.5494094
98.92423766	292.4094372
100.4811491	292.2455503
102.0353618	292.0577874
102.0353618	292.0577874
104.3981861	291.7355741
106.7562459	291.3801669
109.1557926	290.9835767
111.5494048	290.5526144
111.5494048	290.5526144
116.4428584	289.6128939
121.4514703	288.5893292
121.4514703	288.5893292
126.5606631	287.4914956
131.7502556	286.324347
131.7502556	286.324347
137.0000703	285.0916792
142.2928957	283.7930968
142.2928957	283.7930968
147.6133765	282.4283315
152.9532911	281.0002449
152.9532911	281.0002449
158.3087281	279.5133171
163.6764673	277.9717067
163.6764673	277.9717067
169.0535979	276.3791172
174.4375983	274.738911
174.4375983	274.738911
179.8264237	273.0541922
185.2190484	271.3281083
185.2190484	271.3281083
190.6168122	269.5646237
196.0215386	267.7675387
196.0215386	267.7675387
201.4352332	265.9403666
206.8608303	264.0867561
206.8608303	264.0867561
212.3019928	262.2104084
217.7628139	260.3149319
217.7628139	260.3149319
223.2476934	258.4037937
228.760429	256.4798685
228.760429	256.4798685
234.3034107	254.5450422
239.8678934	252.5954048
239.8678934	252.5954048
245.4318234	250.6201779
250.9637026	248.6036513
250.9637026	248.6036513
256.4219291	246.5248694
261.7456712	244.3532735
261.7456712	244.3532735
263.4642237	243.6149492
265.1702359	242.8480933
266.8632342	242.0529189
268.4886663	241.2566998
270.1010496	240.4343772
271.699965	239.5861649
271.699965	239.5861649
272.8399184	238.9495206
273.9682108	238.2924316
275.0844756	237.6151114
276.18835	236.9177801
277.2380945	236.2283775
278.2757284	235.520878
279.3009397	234.7954944
280.3134202	234.0524448
280.3134202	234.0524448
281.2810166	233.3154323
282.236213	232.5624183
283.1787449	231.7936115
284.1083512	231.0092248
285.0018861	230.2297791
285.8826576	229.4359392
286.7504337	228.627914
287.6049861	227.8059161
287.6049861	227.8059161
288.4278813	226.9891134
289.2363696	226.1580479
290.0302038	225.3129738
290.8091414	224.4541493
291.5573027	223.6000122
292.2907294	222.7331898
293.0092063	221.8539364
293.7125228	220.9625097
293.7125228	220.9625097
294.6070913	219.7719955
295.4783579	218.5643237
296.3259937	217.3399502
297.1446188	216.1071203
297.9392853	214.8587127
298.709697	213.5951928
298.709697	213.5951928
299.8391103	211.6738859
300.9381915	209.7350678
302.0171939	207.759583
303.064706	205.7672214
303.064706	205.7672214
305.1138968	201.7025382
307.0775593	197.5574577
307.0775593	197.5574577
308.9491063	193.3470147
310.7376043	189.0813833
310.7376043	189.0813833
312.4671363	184.766065
314.1743382	180.4026518
314.1743382	180.4026518
315.8834181	175.9953656
317.6021941	171.5520786
317.6021941	171.5520786
319.3345124	167.0813162
321.0821673	162.5918616
321.0821673	162.5918616
322.8455776	158.092706
324.6259111	153.5925875
324.6259111	153.5925875
326.4247833	149.1001707
328.2462477	144.623605
328.2462477	144.623605
330.1128539	140.1663853
332.0548662	135.7303502
332.0548662	135.7303502
333.0640386	133.5169872
334.1032538	131.3175699
335.1801282	129.1168183
336.2870817	126.9310416
336.2870817	126.9310416
337.4403017	124.7437367
338.6291896	122.5756121
339.865028	120.4072761
341.1365411	118.2596654
341.1365411	118.2596654
342.4544789	116.1151697
343.8086809	113.9933878
345.2100253	111.8782329
346.6474075	109.7874008
346.6474075	109.7874008
348.1336267	107.706
349.6584299	105.6526974
351.234125	103.6118963
352.8479355	101.6011004
352.8479355	101.6011004
354.5142852	99.60621269
356.2206293	97.64542512
357.9803095	95.70436417
359.7791832	93.79956871
359.7791832	93.79956871
361.6310693	91.91944787
363.5219786	90.07857891
365.4618046	88.26796915
367.439381	86.49866864
367.439381	86.49866864
369.4602096	84.76592987
371.5180514	83.07731541
373.6133597	81.43252837
375.7437842	79.83348729
375.7437842	79.83348729
377.9077424	78.28009354
380.1037292	76.77231729
382.3307721	75.31082576
384.5879068	73.89625133
384.5879068	73.89625133
386.8740575	72.52903409
389.188132	71.20963011
391.5293754	69.93847982
393.8965366	68.71627226
393.8965366	68.71627226
396.2885149	67.54353799
398.7048784	66.42190808
401.1441863	65.35203794
403.6056792	64.33424742
403.6056792	64.33424742
405.2585504	63.68538231
406.9210601	63.06162707
408.5928269	62.4631248
410.2735137	61.88999736
411.9626888	61.34239312
413.6599648	60.82043771
413.6599648	60.82043771
415.3652987	60.32525448
417.0786179	59.85844855
418.7994501	59.42014858
420.5272752	59.01048582
422.2616627	58.62956119
424.0021344	58.27747965
424.0021344	58.27747965
425.749348	57.95923076
427.5012333	57.66779374
429.2573789	57.40323703
431.019694	57.16532743
432.7854523	56.95448734
434.5542378	56.77076641
434.5542378	56.77076641
437.2144085	56.53878322
439.8783726	56.3554278
442.5461403	56.22072417
445.2159238	56.13478728
445.2159238	56.13478728
447.8851729	56.09212935
450.5547604	56.08855209
453.219966	56.12397077
455.8843692	56.19834193
455.8843692	56.19834193
461.1951059	56.44746543
466.4777012	56.82066956
466.4777012	56.82066956
471.7237202	57.30400254
476.9265097	57.88471381
476.9265097	57.88471381
482.0828147	58.55123824
487.194487	59.29305923
487.194487	59.29305923
492.2673486	60.10053874
497.309481	60.9647013
497.309481	60.9647013
502.3297649	61.87715418
507.3367695	62.82998618
507.3367695	62.82998618
512.3383011	63.8156954
517.3407432	64.82714466
517.3407432	64.82714466
522.3493217	65.85746479
527.3688433	66.89996003
527.3688433	66.89996003
532.4019626	67.94812114
537.4478197	68.99563113
537.4478197	68.99563113
542.5039961	70.03623401
547.5683274	71.06361019
547.5683274	71.06361019
552.6408093	72.07117491
557.7236694	73.05201202
557.7236694	73.05201202
562.8196786	73.99889947
567.9318525	74.90422732
567.9318525	74.90422732
573.0632217	75.76000386
578.2156357	76.55789401
578.2156357	76.55789401
583.3875867	77.28942644
588.5745756	77.94588549
588.5745756	77.94588549
593.7720393	78.52184183
598.9771156	79.02194455
598.9771156	79.02194455
604.1874909	79.45000923
609.4027513	79.80883448
609.4027513	79.80883448
614.6244282	80.10012003
619.855302	80.3294373
619.855302	80.3294373
625.0981573	80.50171356
630.3552685	80.62144108
630.3552685	80.62144108
635.6270574	80.69305557
640.9120262	80.72106711
640.9120262	80.72106711
646.2085487	80.709583
651.5151638	80.6623154
651.5151638	80.6623154
656.8305379	80.58261187
662.1534606	80.47350852
662.1534606	80.47350852
667.4830943	80.33764684
672.819222	80.17723465
672.819222	80.17723465
678.1617866	79.99417619
683.5107218	79.79018888
683.5107218	79.79018888
688.8659604	79.56681741
694.2273786	79.32545286
694.2273786	79.32545286
699.5947343	79.06737202
704.9675559	78.79378597
704.9675559	78.79378597
710.3451874	78.50580762
715.7269625	78.20445071
715.7269625	78.20445071
721.1122073	77.89061284
726.5002433	77.5650941
726.5002433	77.5650941
731.890372	77.22857111
737.2819676	76.8816134
737.2819676	76.8816134
742.6746733	76.52457866
748.0683775	76.15760768
748.0683775	76.15760768
753.4629301	75.7807737
758.8580545	75.39409412
758.8580545	75.39409412
764.2533369	74.99755758
769.6482202	74.5911386
769.6482202	74.5911386
775.0419793	74.17477009
780.4337317	73.7483811
780.4337317	73.7483811
785.8224152	73.31185642
791.2068877	72.86499132
791.2068877	72.86499132
796.5862939	72.40731839
801.9600356	71.93807892
801.9600356	71.93807892
807.3275691	71.45633267
812.6883522	70.96098254
812.6883522	70.96098254
818.0418231	70.45076052
823.3873758	69.92421212
823.3873758	69.92421212
828.7243534	69.3797122
834.0520262	68.81545772
834.0520262	68.81545772
839.3695624	68.22945073
844.6760025	67.61948946
844.6760025	67.61948946
849.9702386	66.98317078
855.2509509	66.31785284
855.2509509	66.31785284
860.513578	65.61706795
865.7523515	64.8746637
865.7523515	64.8746637
870.9605985	64.08449829
876.131065	63.24015279
876.131065	63.24015279
881.2558644	62.33482555
886.3264285	61.36127792
886.3264285	61.36127792
891.3334207	60.31174302
896.2663432	59.17803556
896.2663432	59.17803556
901.1133568	57.95155205
905.8622006	56.62242849
905.8622006	56.62242849
908.1890611	55.91963277
910.5034716	55.17686367
912.77612	54.40434768
915.0352999	53.59328785
915.0352999	53.59328785
916.5206026	53.0327053
917.9968913	52.44879735
919.4637997	51.84170887
920.9202523	51.21190489
922.3666092	50.55924967
923.802512	49.88390498
923.802512	49.88390498
925.2411087	49.17421896
926.6655348	48.4365028
928.0752442	47.67103933
929.5039587	46.85818222
930.9160774	46.01682487
932.3110321	45.14730595
932.3110321	45.14730595
933.3786196	44.45444097
934.4348042	43.74431472
935.4793066	43.01711483
936.511851	42.27303344
937.5570115	41.49341678
938.5890446	40.69650369
939.6076639	39.88251518
940.6125871	39.05167699
940.6125871	39.05167699
941.4134897	38.37031454
942.2029872	37.67576896
942.9808626	36.96823114
943.746902	36.24789552
944.500895	35.51496006
945.2387398	34.77360473
945.9642597	34.02018352
946.6772574	33.25490131
947.3775391	32.47796619
948.0649143	31.68958942
948.0649143	31.68958942
948.7264446	30.88893089
949.373677	30.07667069
950.006408	29.25306411
950.6244389	28.41837001
951.2275753	27.57285073
951.8092315	26.72626076
952.3759554	25.86960302
952.9275728	25.00314085
953.4639142	24.12714061
953.9848146	23.2418716
953.9848146	23.2418716
954.2583923	22.77569396
954.524156	22.30501783
954.7820317	21.82997418
955.0319477	21.35069518
955.2738344	20.8673142
955.5076245	20.37996573
955.733253	19.88878539
955.9506571	19.39390983
956.1597763	18.89547677
956.3624634	18.38872911
956.5565869	17.87863959
956.7420917	17.3653529
956.9189251	16.84901467
957.0870372	16.32977138
957.24638	15.80777032
957.3969085	15.28315959
957.5385799	14.756088
957.5385799	14.756088
957.6235168	14.40807603
957.7021714	14.05859063
957.7745183	13.7077452
957.840534	13.35565356
957.9001971	13.00242996
957.9534882	12.648189
958.0003901	12.29304563
958.0408874	11.93711507
958.0749672	11.58051282
958.1026182	11.22335456
958.1238316	10.8657562
958.1377641	10.53326748
958.1461312	10.20059219
958.1489305	9.86782346
958.1461613	9.535054482
958.1378244	9.202378427
958.1239221	8.869888447
958.1044583	8.537677639
958.0794384	8.205839024
958.0488695	7.874465518
958.01276	7.543649906
957.9711202	7.213484817
957.9711202	7.213484817
957.9218923	6.750878813
957.8647832	6.289179509
957.7998094	5.828521163
957.72699	5.369037733
957.6463459	4.910862834
957.5579008	4.454129701
957.4616802	3.998971149
957.3577123	3.545519535
957.24631	3.095010117
957.1272606	2.646460872
957.0005984	2.200001595
956.8663601	1.75576148
956.7245845	1.313869079
956.5753128	0.874452261
956.418588	0.437638183
956.2544555	0.003553246
956.2544555	0.003553246
955.9724772	-0.693468366
955.6786281	-1.385569251
955.3729942	-2.072547262
955.0556646	-2.754201744
954.7267321	-3.430333601
954.3763678	-4.1198717
954.0139359	-4.803144036
953.6395485	-5.479939439
953.2533213	-6.150048737
952.8553736	-6.813264825
952.8553736	-6.813264825
952.564339	-7.289766663
952.2655134	-7.761421628
951.9589774	-8.228102345
951.644814	-8.689682784
951.3231079	-9.146038292
950.9939461	-9.597045627
950.6574173	-10.04258299
950.3174554	-10.47769412
949.9704673	-10.90722303
949.6165447	-11.33105629
949.2557811	-11.74908195
948.8882718	-12.1611896
948.5141138	-12.56727041
948.133406	-12.96721711
948.133406	-12.96721711
947.447135	-13.65337049
946.7497153	-14.32818894
946.0413339	-14.99149136
945.322181	-15.6430997
944.5747497	-16.29809556
943.8164347	-16.94045962
943.0474496	-17.57001108
942.2680108	-18.18657271
942.2680108	-18.18657271
941.7399346	-18.5895727
941.2044605	-18.98268962
940.6617734	-19.3657877
940.1120607	-19.73873462
939.5555123	-20.10140157
938.9923204	-20.45366331
938.4275366	-20.79254486
937.8566045	-21.12096223
937.279718	-21.43880392
936.6970729	-21.74596201
936.108867	-22.0423322
935.5153001	-22.32781386
935.5153001	-22.32781386
931.8557165	-23.98848739
928.0302369	-25.64009414
928.0302369	-25.64009414
924.0551734	-27.33289731
919.9457387	-29.04495086
919.9457387	-29.04495086
915.7157977	-30.75314397
911.3779291	-32.44420683
911.3779291	-32.44420683
906.9435962	-34.10657796
902.4233621	-35.72522129
902.4233621	-35.72522129
897.8266263	-37.29282968
893.1615518	-38.81160082
893.1615518	-38.81160082
888.4354606	-40.28582814
883.6550391	-41.71941915
883.6550391	-41.71941915
878.8264251	-43.11597614
873.955272	-44.47867319
873.955272	-44.47867319
869.0468504	-45.80978032
864.1060226	-47.11152891
864.1060226	-47.11152891
859.1372177	-48.38687248
854.1442947	-49.64178704
854.1442947	-49.64178704
849.1302258	-50.88959283
844.0974232	-52.14809206
844.0974232	-52.14809206
839.0480478	-53.43604078
833.9840853	-54.77253467
833.9840853	-54.77253467
828.9073868	-56.1766299
823.8200059	-57.65941566
823.8200059	-57.65941566
818.7244134	-59.21601933
813.6227701	-60.83368993
813.6227701	-60.83368993
808.5158771	-62.49905251
803.40449	-64.19875933
803.40449	-64.19875933
798.2893203	-65.91959248
793.171027	-67.64868741
793.171027	-67.64868741
788.050136	-69.37719807
782.9269743	-71.1025313
782.9269743	-71.1025313
777.8017546	-72.82474776
772.6746762	-74.54400172
772.6746762	-74.54400172
767.5459133	-76.26043575
762.4156285	-77.97418019
762.4156285	-77.97418019
757.2839614	-79.68535206
752.1510329	-81.3940545
752.1510329	-81.3940545
747.0169536	-83.10036978
741.8818279	-84.80433423
741.8818279	-84.80433423
736.7457482	-86.50592446
731.6088046	-88.20509299
731.6088046	-88.20509299
726.4710758	-89.90177537
721.3326331	-91.59588224
721.3326331	-91.59588224
716.1935451	-93.28729556
711.0538743	-94.97594979
711.0538743	-94.97594979
705.9136716	-96.66220296
700.7729437	-98.34708464
700.7729437	-98.34708464
695.6316872	-100.0318235
690.4898779	-101.7177741
690.4898779	-101.7177741
685.347482	-103.4064221
680.2044622	-105.0992
680.2044622	-105.0992
675.0608433	-106.7963414
669.9167486	-108.4957961
669.9167486	-108.4957961
664.7723214	-110.1948639
659.6277158	-111.8906088
659.6277158	-111.8906088
654.483047	-113.580974
649.3383039	-115.266686
649.3383039	-115.266686
644.1934404	-116.949306
639.0483938	-118.6305801
639.0483938	-118.6305801
633.9030865	-120.3124218
628.7574241	-121.9968144
628.7574241	-121.9968144
623.6113133	-123.6856169
618.464722	-125.379655
618.464722	-125.379655
613.3177157	-127.0780357
608.1703852	-128.7795925
608.1703852	-128.7795925
603.0228251	-130.4830568
597.8751255	-132.1870486
597.8751255	-132.1870486
592.7273986	-133.8900714
587.5797464	-135.590542
587.5797464	-135.590542
582.4322454	-137.2872417
577.2848779	-138.9804177
577.2848779	-138.9804177
572.1375972	-140.6708134
566.9903554	-142.3593024
566.9903554	-142.3593024
561.8430859	-144.0470401
556.6956892	-145.7354705
556.6956892	-145.7354705
551.5480835	-147.4258468
546.4002492	-149.1185378
546.4002492	-149.1185378
541.252189	-150.8136787
536.1039016	-152.5113757
536.1039016	-152.5113757
530.9553878	-154.2117083
525.8066467	-155.9147277
525.8066467	-155.9147277
520.6576862	-157.6204546
515.5085166	-159.3288415
515.5085166	-159.3288415
510.3591692	-161.0395927
505.2096957	-162.7521301
505.2096957	-162.7521301
500.0601806	-164.4654698
494.9107372	-166.1783077
494.9107372	-166.1783077
489.7614759	-167.8893567
484.6124661	-169.5980159
484.6124661	-169.5980159
479.4637316	-171.3042468
474.3152931	-173.008089
474.3152931	-173.008089
469.1671534	-174.7096337
464.0193143	-176.409024
464.0193143	-176.409024
458.8717764	-178.1064536
453.7245363	-179.8021664
453.7245363	-179.8021664
448.5775789	-181.4964454
443.4309069	-183.1894116
443.4309069	-183.1894116
438.2845704	-184.8807015
433.1386337	-186.5698553
433.1386337	-186.5698553
427.9931554	-188.2564844
422.8481553	-189.9404992
422.8481553	-189.9404992
417.703612	-191.6221229
412.5594922	-193.3016072
412.5594922	-193.3016072
407.4157706	-194.9791871
402.2724262	-196.65508
402.2724262	-196.65508
397.129442	-198.3294669
391.9868181	-200.0023464
391.9868181	-200.0023464
386.8445764	-201.6735785
381.7027397	-203.3429834
381.7027397	-203.3429834
376.5613281	-205.0103464
371.4203638	-206.6754196
371.4203638	-206.6754196
366.2798621	-208.3379203
361.1398399	-209.9975331
361.1398399	-209.9975331
356.0003278	-211.6539116
350.8613656	-213.3066794
350.8613656	-213.3066794
345.722988	-214.9554645
340.5851536	-216.6005411
340.5851536	-216.6005411
335.4477107	-218.2431113
330.3104885	-219.8845275
330.3104885	-219.8845275
325.1733273	-221.5261268
320.0360855	-223.1690622
320.0360855	-223.1690622
314.8986434	-224.814299
309.7608884	-226.4628279
309.7608884	-226.4628279
304.6226957	-228.11569
299.4839322	-229.77398
299.4839322	-229.77398
294.3444481	-231.4388488
289.204082	-233.111494
289.204082	-233.111494
284.0627782	-234.7924924
278.920773	-236.4805885
278.920773	-236.4805885
273.7783776	-238.1740455
268.6359338	-239.8710451
268.6359338	-239.8710451
263.4937788	-241.5696945
258.3522605	-243.2680198
258.3522605	-243.2680198
253.2117399	-244.9639609
248.0725913	-246.6553693
248.0725913	-246.6553693
242.9352079	-248.3400098
237.8000078	-250.015567
237.8000078	-250.015567
232.667422	-251.6796534
227.5378983	-253.3298243
227.5378983	-253.3298243
222.4118977	-254.963597
217.2898937	-256.5784773
217.2898937	-256.5784773
212.1723517	-258.1720931
207.059527	-259.743332
207.059527	-259.743332
201.9517887	-261.2904303
196.8497197	-262.8105116
196.8497197	-262.8105116
191.7538593	-264.3008929
186.6644942	-265.7601746
186.6644942	-265.7601746
181.5810824	-267.1907767
176.5025286	-268.5975605
176.5025286	-268.5975605
171.4277369	-269.9853725
166.3556294	-271.3589716
166.3556294	-271.3589716
161.2851451	-272.7230441
156.2152368	-274.08222
156.2152368	-274.08222
151.144856	-275.4410865
146.0729496	-276.8042037
146.0729496	-276.8042037
140.9985217	-278.1759468
135.9209474	-279.5591666
135.9209474	-279.5591666
130.8398849	-280.9557089
125.7550802	-282.3669866
125.7550802	-282.3669866
120.6664196	-283.7939234
115.5738074	-285.2374018
115.5738074	-285.2374018
110.4771455	-286.698319
105.3763416	-288.1775733
105.3763416	-288.1775733
100.2713021	-289.676044
95.16194358	-291.1945741
95.16194358	-291.1945741
90.04820105	-292.7339498
84.93004907	-294.2948114
84.93004907	-294.2948114
79.80763599	-295.8770362
74.68154323	-297.4785489
74.68154323	-297.4785489
69.55249017	-299.0966324
64.42119153	-300.7285822
64.42119153	-300.7285822
59.28835931	-302.3717268
54.15469622	-304.0234409
54.15469622	-304.0234409
49.02090665	-305.6811582
43.88769002	-307.3423771
43.88769002	-307.3423771
38.75574001	-309.0046647
33.62575866	-310.6656606
33.62575866	-310.6656606
28.49845649	-312.3230889
23.37445227	-313.9750396
23.37445227	-313.9750396
18.25397519	-315.621385
13.13697213	-317.2632975
13.13697213	-317.2632975
8.023383691	-318.9020351
2.913172824	-320.538853
2.913172824	-320.538853
-2.193681239	-322.175002
-7.29716938	-323.8117315
-7.29716938	-323.8117315
-12.39723792	-325.450294
-17.49377486	-327.0919489
-17.49377486	-327.0919489
-22.58664621	-328.737953
-27.67568709	-330.3895637
-27.67568709	-330.3895637
-32.76068217	-332.0480426
-37.84135075	-333.7145979
-37.84135075	-333.7145979
-42.91694616	-335.3888574
-47.98611679	-337.0683167
-47.98611679	-337.0683167
-53.04732422	-338.7500009
-58.09892927	-340.4308318
-58.09892927	-340.4308318
-63.13909633	-342.1073376
-68.16572571	-343.775455
-68.16572571	-343.775455
-73.17664187	-345.4312608
-78.17041085	-347.0740073
-78.17041085	-347.0740073
-83.14762373	-348.7105921
-88.10938258	-350.3501484
-88.10938258	-350.3501484
-93.05661498	-352.0017877
-97.9896853	-353.6734206
-97.9896853	-353.6734206
-102.9071182	-355.3679639
-107.8063856	-357.0859096
-107.8063856	-357.0859096
-112.6845875	-358.8274551
-117.5385158	-360.5927528
-117.5385158	-360.5927528
-122.3644852	-362.3815253
-127.1461269	-364.1597544
-127.1461269	-364.1597544
-131.8393501	-365.8190385
-136.4715609	-367.4453645
-136.4715609	-367.4453645
-136.7851107	-367.6014444
-137.1013159	-367.7520719
-137.4200817	-367.8972019
-137.7413126	-368.0367909
-138.0649122	-368.1707971
-138.3907836	-368.2991802
-138.718829	-368.4219017
-139.0489501	-368.538925
-139.3810479	-368.6502148
-139.7150228	-368.7557379
-140.0507748	-368.8554625
-140.3882031	-368.9493588
-140.7272066	-369.0373987
-141.0676836	-369.1195557
-141.4010547	-369.1939893
-141.7356352	-369.2627831
-142.0713297	-369.3259173
-142.4080423	-369.383374
-142.7456772	-369.4351368
-143.084138	-369.481191
-143.4233282	-369.5215234
-143.7631511	-369.5561224
-144.1035097	-369.5849784
-144.4443071	-369.6080829
-144.7854461	-369.6254295
-145.1268293	-369.6370131
-145.1268293	-369.6370131
-145.3462176	-369.6059305
-145.5650422	-369.5711005
-145.7832392	-369.5325333
-146.0007447	-369.4902401
-146.2174952	-369.4442335
-146.4334271	-369.3945267
-146.6484773	-369.3411344
-146.862583	-369.2840721
-147.0756816	-369.2233566
-147.2877106	-369.1590056
-147.4986081	-369.0910379
-147.7083123	-369.0194734
-147.9167621	-368.9443331
-148.1238963	-368.8656389
-148.3296544	-368.7834139
-148.5339762	-368.697682
-148.7441986	-368.6051364
-148.9527472	-368.5088786
-149.1595567	-368.4089388
-149.364562	-368.3053484
-149.5676985	-368.19814
-149.7689026	-368.0873472
-149.968111	-367.973005
-150.165261	-367.8551491
-150.3602907	-367.7338168
-150.5531388	-367.609046
-150.7437446	-367.4808761
-150.9320484	-367.3493473
-151.1179908	-367.2145009
-151.3015134	-367.0763794
-151.4825586	-366.9350261
-151.6610695	-366.7904855
-151.6610695	-366.7904855
-151.9972477	-366.5120748
-152.3284309	-366.2277406
-152.6545147	-365.9375723
-152.9753963	-365.6416614
-153.2909747	-365.3401012
-153.6011504	-365.0329867
-153.9058257	-364.7204146
-154.2049045	-364.4024836
-154.4982926	-364.0792937
-154.7757068	-363.762784
-155.0476631	-363.4415725
-155.3140817	-363.1157533
-155.5748847	-362.7854219
-155.8299955	-362.450675
-156.0793396	-362.1116107
-156.3228437	-361.7683283
-156.5604366	-361.4209285
-156.7920486	-361.0695129
-157.017612	-360.7141846
-157.017612	-360.7141846
-157.3583209	-360.1771695
-157.6898541	-359.6344416
-158.012116	-359.0861579
-158.3250134	-358.5324766
-158.6284561	-357.9735577
-158.9223562	-357.4095626
-159.206629	-356.8406542
-159.4895099	-356.2492202
-159.7619861	-355.6529212
-160.0239738	-355.0519402
-160.2753927	-354.4464616
-160.5161656	-353.8366713
-160.7462186	-353.2227565
-160.965481	-352.6049056
-160.965481	-352.6049056
-161.1893807	-351.9757217
-161.4022417	-351.342718
-161.6039989	-350.7060883
-161.7945906	-350.0660271
-161.9739584	-349.4227304
-162.1420476	-348.776395
-162.2988067	-348.1272186
-162.4427575	-347.482084
-162.5755188	-346.8345541
-162.6970508	-346.184823
-162.8073171	-345.5330854
-162.9062846	-344.8795367
-162.9939237	-344.2243727
-163.0702082	-343.5677897
-163.0270309	-334.5568974
-163.176951	-332.9391882
-163.3565073	-331.3244998
-163.5656395	-329.7133751
-163.8093221	-328.0744398
-164.0836102	-326.440348
-164.388408	-324.8116712
-164.388408	-324.8116712
-164.6834601	-323.5733318
-165.0006865	-322.3404865
-165.339985	-321.1135323
-165.7012464	-319.8928643
-166.0823403	-318.6850647
-166.4849364	-317.4842613
-166.9089065	-316.2908369
-167.3541153	-315.1051719
-167.3541153	-315.1051719
-167.7747308	-314.1730696
-168.21175	-313.2485446
-168.6650365	-312.3318857
-169.1344487	-311.423379
-169.6198401	-310.5233083
-170.1105279	-309.6503094
-170.6162481	-308.7859319
-171.1368494	-307.9304345
-171.6721758	-307.0840733
-172.222067	-306.2471019
-172.222067	-306.2471019
-172.3888373	-305.9509207
-172.5606418	-305.6576311
-172.7374305	-305.3673185
-172.9191518	-305.0800678
-173.1057527	-304.7959626
-173.2971787	-304.515086
-173.493374	-304.2375197
-173.6942813	-303.9633448
-173.899842	-303.6926413
-174.1099963	-303.4254881
-174.3246827	-303.1619632
-174.5438386	-302.9021435
-174.7674002	-302.6461047
-174.9953021	-302.3939216
-175.2403975	-302.1321006
-175.4901713	-301.8747388
-175.7445424	-301.6219199
-176.0034281	-301.3737261
-176.2667444	-301.1302378
-176.5344058	-300.8915342
-176.8063253	-300.6576928
-177.0824147	-300.4287895
-177.3625842	-300.2048987
-177.6467428	-299.9860931
-177.9347983	-299.7724438
-178.2266572	-299.5640201
-178.5222246	-299.3608898
-178.5222246	-299.3608898
-179.1483237	-299.0335923
-179.779768	-298.7167298
-180.4163836	-298.4103896
-181.0579953	-298.1146562
-181.7044262	-297.8296109
-182.3554984	-297.5553323
-183.0110325	-297.2918958
-183.7121036	-297.0240005
-184.4177884	-296.7685059
-185.1278676	-296.5254914
-185.8421206	-296.2950325
-186.5603253	-296.077201
-187.2822585	-295.8720644
-188.0076958	-295.6796865
-188.0076958	-295.6796865
-193.2764117	-294.264431
-198.6763228	-292.8978334
-198.6763228	-292.8978334
-204.1078788	-291.4788601
-209.5412354	-289.9836367
-209.5412354	-289.9836367
-214.9907044	-288.4346992
-220.4626979	-286.8457208
-220.4626979	-286.8457208
-225.9466679	-285.212577
-231.4285519	-283.527056
-231.4285519	-283.527056
-236.891664	-281.7778095
-242.3214903	-279.955218
-242.3214903	-279.955218
-247.714518	-278.0603799
-253.0719877	-276.0988531
-253.0719877	-276.0988531
-258.3927116	-274.0734501
-263.672798	-271.9840345
-263.672798	-271.9840345
-268.9085315	-269.8303833
-274.0968208	-267.6126366
-274.0968208	-267.6126366
-279.2353879	-265.3314612
-284.3238601	-262.9889732
-284.3238601	-262.9889732
-289.3628317	-260.5879176
-294.3527518	-258.1307416
-294.3527518	-258.1307416
-299.2937543	-255.6194765
-304.1861439	-253.0561025
-304.1861439	-253.0561025
-309.0298716	-250.4421691
-313.8231702	-247.7778326
-313.8231702	-247.7778326
-318.563017	-245.0622146
-323.2461333	-242.2941141
-323.2461333	-242.2941141
-327.8689221	-239.4719718
-332.4275319	-236.5939069
-332.4275319	-236.5939069
-336.9182985	-233.6580077
-341.339845	-230.6636384
-341.339845	-230.6636384
-345.6948852	-227.6124931
-349.9869527	-224.5065919
-349.9869527	-224.5065919
-354.2195944	-221.3477675
-358.396328	-218.1376493
-358.396328	-218.1376493
-362.52034	-214.8774765
-366.592862	-211.5672275
-366.592862	-211.5672275
-370.6126894	-208.2053898
-374.5783904	-204.7900773
-374.5783904	-204.7900773
-378.4885332	-201.3191496
-382.3407856	-197.7922907
-382.3407856	-197.7922907
-386.1322457	-194.2114624
-389.8617528	-190.57909
-389.8617528	-190.57909
-393.5298389	-186.8980266
-397.1372625	-183.1709864
-397.1372625	-183.1709864
-400.6849017	-179.4004922
-404.1737606	-175.5888889
-404.1737606	-175.5888889
-407.6055812	-171.7385793
-410.9853044	-167.8528413
-410.9853044	-167.8528413
-414.3206761	-163.9356534
-417.6195405	-159.9908414
-417.6195405	-159.9908414
-420.8896657	-156.0220413
-424.1387263	-152.0327046
-424.1387263	-152.0327046
-427.3743025	-148.0260914
-430.6034918	-144.0051938
-430.6034918	-144.0051938
-433.8306026	-139.972221
-437.055912	-135.928342
-437.055912	-135.928342
-440.2793807	-131.8745447
-443.5010827	-127.8117414
-443.5010827	-127.8117414
-446.7211849	-123.740773
-449.93993	-119.6624236
-449.93993	-119.6624236
-453.1576228	-115.5774368
-456.3746252	-111.4864907
-456.3746252	-111.4864907
-459.5913463	-107.3902119
-462.8082349	-103.2891771
-462.8082349	-103.2891771
-466.0257653	-99.18392533
-469.2443932	-95.07493292
-469.2443932	-95.07493292
-472.4645134	-90.96261541
-475.6864961	-86.84734716
-475.6864961	-86.84734716
-478.9105691	-82.72945112
-482.1367514	-78.60917906
-482.1367514	-78.60917906
-485.3650301	-74.48675943
-488.5953943	-70.36239109
-488.5953943	-70.36239109
-491.8278346	-66.23625303
-495.0623432	-62.10850765
-495.0623432	-62.10850765
-498.2989149	-57.97930072
-501.5375502	-53.84875053
-501.5375502	-53.84875053
-504.7782544	-49.71695387
-508.0210392	-45.58397914
-508.0210392	-45.58397914
-511.2658976	-41.4498829
-514.5126834	-37.31466974
-514.5126834	-37.31466974
-517.7611012	-33.17831105
-521.0108532	-29.04075556
-521.0108532	-29.04075556
-524.2616523	-24.90194671
-527.513252	-20.76180073
-527.513252	-20.76180073
-530.7654549	-16.62023142
-534.0180685	-12.47714482
-534.0180685	-12.47714482
-537.2709008	-8.332427131
-540.5237504	-4.185952752
-540.5237504	-4.185952752
-543.7763295	-0.037544702
-547.028071	4.113043225
-547.028071	4.113043225
-550.2783182	8.26608978
-553.526409	12.42189394
-553.526409	12.42189394
-556.7716771	16.58078824
-560.0134504	20.74313484
-560.0134504	20.74313484
-563.2510518	24.90933379
-566.4837957	29.07980955
-566.4837957	29.07980955
-569.7109759	33.25504052
-572.9317944	37.43555882
-572.9317944	37.43555882
-576.1453726	41.6219485
-579.3506142	45.8148754
-579.3506142	45.8148754
-582.5446956	50.0152963
-585.7230034	54.22447759
-585.7230034	54.22447759
-588.8808244	58.44377067
-592.0134435	62.67458943
-592.0134435	62.67458943
-595.1161608	66.91843892
-598.1846445	71.17688494
-598.1846445	71.17688494
-601.2172289	75.45131254
-604.2146865	79.74299919
-604.2146865	79.74299919
-607.1778821	84.05335162
-610.1076466	88.38394115
-610.1076466	88.38394115
-613.0047574	92.73644427
-615.8697984	97.11012495
-615.8697984	97.11012495
-618.7033656	101.5042627
-621.5060298	105.9174248
-621.5060298	105.9174248
-624.2782269	110.3478378
-627.0201397	114.7939183
-627.0201397	114.7939183
-629.7319517	119.2542103
-632.4138769	123.7273871
-632.4138769	123.7273871
-635.0661603	128.2122526
-637.6890802	132.7077347
-637.6890802	132.7077347
-640.2829517	137.2128637
-642.8481439	141.726767
-642.8481439	141.726767
-645.3852604	146.2486622
-647.89541	150.7778598
-647.89541	150.7778598
-650.3798319	155.3137423
-652.8398074	159.8557764
-652.8398074	159.8557764
-655.2765414	164.4034955
-657.6907735	168.9564737
-657.6907735	168.9564737
-660.0829948	173.5143382
-662.4535645	178.0767844
-662.4535645	178.0767844
-664.8026794	182.6435431
-667.1303295	187.2143909
-667.1303295	187.2143909
-669.4362483	191.7891461
-671.7199367	196.3676647
-671.7199367	196.3676647
-673.9811907	200.9498903
-676.2208584	205.5359496
-676.2208584	205.5359496
-678.4401113	210.1260739
-680.6403432	214.7205934
-680.6403432	214.7205934
-682.8232183	219.319936
-684.9907076	223.9246269
-684.9907076	223.9246269
-687.1451097	228.5353052
-689.2890545	233.1527369
-689.2890545	233.1527369
-691.4254848	237.7778034
-693.5574894	242.4114772
-693.5574894	242.4114772
-695.6872046	247.0547146
-697.815107	251.7083687
-697.815107	251.7083687
-699.9426447	256.3735166
-702.0722889	261.0514902
-702.0722889	261.0514902
-704.2061894	265.7437046
-706.3461643	270.4516799
-706.3461643	270.4516799
-708.4937716	275.1770546
-710.6504018	279.9215955
-710.6504018	279.9215955
-712.8173862	284.6872445
-714.9961454	289.4761536
-714.9961454	289.4761536
-717.1885839	294.2907904
-719.3981309	299.1341232
-719.3981309	299.1341232
-721.6217141	304.0081961
-723.84527	308.9133621
-723.84527	308.9133621
-726.0532703	313.8500325
-728.2290111	318.8187634
-728.2290111	318.8187634
-730.3542034	323.8202492
-732.4087371	328.8552871
-732.4087371	328.8552871
-734.370851	333.9248612
-736.2872251	339.0415139
-736.2872251	339.0415139
-738.3800436	344.2481197
-740.6118587	349.5412062
-740.6118587	349.5412062
-740.8812094	350.1880751
-741.1397474	350.839341
-741.3874009	351.4948231
-741.6241013	352.1543396
-741.8497829	352.8177075
-742.064383	353.4847427
-742.267842	354.1552601
-742.4601036	354.8290736
-742.6564407	355.5654655
-742.839404	356.3052936
-743.0089335	357.0483152
-743.1649736	357.7942862
-743.307473	358.5429618
-743.4363849	359.2940963
-743.551667	360.047443
-744.2408109	370.4341624
-744.2191758	371.4606454
-744.1802267	372.4866173
-744.1239745	373.5117861
-744.0504352	374.5358601
-743.9596299	375.5585476
-743.8529028	376.5680184
-743.7293531	377.5755686
-743.5890149	378.5809179
-743.4319275	379.5837865
-743.2581345	380.5838955
-743.2581345	380.5838955
-743.0742401	381.5721847
-742.8734503	382.5571802
-742.6558238	383.5385932
-742.4214246	384.5161358
-742.1703213	385.4895216
-741.9057749	386.4472988
-741.6250558	387.4004613
-741.3282445	388.3487361
-741.015426	389.2918515
-740.6866899	390.2295372
-740.6866899	390.2295372
-740.3987371	390.9942396
-740.0981795	391.7540762
-739.7850993	392.5088393
-739.4595819	393.2583225
-739.1217166	394.0023209
-738.7715955	394.740631
-738.4125057	395.4667303
-738.0415622	396.186846
-737.6588648	396.9007846
-737.2645163	397.6083544
-736.8586225	398.309365
-736.4412927	399.0036283
-736.4412927	399.0036283
-735.7979489	400.031492
-735.1350744	401.0468699
-734.4529114	402.049391
-733.7517091	403.0386889
-733.0302515	404.0163579
-732.2901998	404.9800285
-731.5318254	405.9293473
-730.7554067	406.8639657
-730.7554067	406.8639657
-729.6935249	408.094145
-728.607475	409.3030411
-727.4976837	410.4901794
-726.3615229	411.6581814
-725.2023801	412.803379
-724.0207128	413.9253203
-724.0207128	413.9253203
-723.1223598	414.7528065
-722.210362	415.5652298
-721.284972	416.3623653
-720.346446	417.1439921
-719.3995349	417.9063394
-718.4401278	418.6528998
-717.4684881	419.3834683
-716.4848821	420.0978446
-716.4848821	420.0978446
-715.4932536	420.7861673
-714.4895944	421.4568261
-713.474219	422.1096109
-712.4474457	422.744317
-711.4158106	423.3571282
-710.3735505	423.951689
-709.3209883	424.5278153
-708.2584501	425.0853286
-708.2584501	425.0853286
-707.192221	425.623987
-706.1177679	426.1460481
-705.0353491	426.6513864
-703.9452249	427.1398804
-702.8524941	427.6093788
-701.7526457	428.0619522
-700.6459417	428.4974928
-699.532646	428.9158967
-699.532646	428.9158967
-698.4199647	429.3131978
-697.3004289	429.6907523
-696.1743891	430.048442
-695.0421975	430.386155
-693.9129986	430.7014151
-692.7784393	430.996804
-691.6388695	431.2722304
-690.4946402	431.5276097
-690.4946402	431.5276097
-689.3539508	431.7582253
-688.2093026	431.9683117
-687.061065	432.1578008
-685.9096085	432.3266317
-684.7614879	432.4740125
-683.6109171	432.6008545
-682.4582635	432.7071172
-681.3038952	432.7927666
-681.3038952	432.7927666
-680.1519005	432.8589907
-678.9990105	432.9071779
-677.8455076	432.9373163
-676.6916742	432.9493987
-675.5398466	432.9434487
-674.3882525	432.9195053
-673.237173	432.8775744
-672.086889	432.8176662
-672.086889	432.8176662
-670.5570506	432.711314
-669.0295629	432.5753081
-667.5050006	432.4096997
-665.9861039	432.2148504
-664.4712663	431.9906181
-662.9610559	431.737087
-662.9610559	431.737087
-661.4581179	431.4566138
-659.9605849	431.1485833
-658.4689622	430.8130994
-656.9869884	430.4510972
-655.5118979	430.0619958
-654.0441862	429.6459257
-654.0441862	429.6459257
-652.9524221	429.3167768
-651.8661215	428.970022
-650.7855683	428.605752
-649.7110448	428.2240621
-648.6470374	427.8266615
-647.5895668	427.4121802
-646.538907	426.9807257
-645.4953306	426.5324098
-645.4953306	426.5324098
-644.4646399	426.0641586
-643.4418069	425.5789835
-642.4271093	425.0770161
-641.4208228	424.558393
-640.4240438	424.0237052
-639.4362053	423.4726749
-638.4575752	422.9054515
-637.4884188	422.3221888
-637.4884188	422.3221888
-636.2063266	421.5237424
-634.9363865	420.7061061
-633.6788857	419.8694647
-632.4314458	419.0121477
-631.1970677	418.1361286
-629.9760318	417.2416063
-629.9760318	417.2416063
-628.7646061	416.332774
-627.5698354	415.4021554
-626.3921113	414.4500555
-625.2344856	413.4790638
-624.09459	412.4873179
-622.9727965	411.4751414
-622.9727965	411.4751414
-622.1499167	410.7019208
-621.3418868	409.9131946
-620.5489989	409.1092481
-619.7715397	408.2903718
-619.0113805	407.4586354
-618.2671385	406.6126264
-617.5390815	405.7526493
-616.8274718	404.8790138
-616.8274718	404.8790138
-616.1318826	403.9890072
-615.4503271	403.0882084
-614.782973	402.1768388
-614.129984	401.2551222
-613.4871827	400.3168455
-612.8592675	399.3685422
-612.2463946	398.4104486
-611.6487167	397.4428031
-611.6487167	397.4428031
-610.8637067	396.1285826
-610.0994085	394.8022099
-609.3560103	393.4640114
-608.6259817	392.099625
-607.9176791	390.7238345
-607.2312804	389.3369859
-607.2312804	389.3369859
-606.2274105	387.2158078
-605.2654962	385.075277
-604.3360193	382.8923437
-603.4501767	380.6913421
-603.4501767	380.6913421
-602.5932332	378.4508733
-601.7684356	376.1983722
-600.9674559	373.9094499
-600.1996701	371.6091807
-600.1996701	371.6091807
-598.7219459	366.9358403
-597.3180653	362.1893891
-597.3180653	362.1893891
-595.9891519	357.3800721
-594.757625	352.5182368
-594.757625	352.5182368
-594.1867675	350.0707497
-593.6557441	347.6143121
-593.1647711	345.1499719
-592.7138889	342.6779824
-592.7138889	342.6779824
-592.3078287	340.1994077
-591.9368732	337.7153365
-591.6007953	335.2239061
-591.3000303	332.7279666
-591.3000303	332.7279666
-590.7736263	327.7162745
-590.3264038	322.6800169
-590.3264038	322.6800169
-589.9262381	317.6184531
-589.5416593	312.5306074
-589.5416593	312.5306074
-589.1503202	307.4165197
-588.7496002	302.2787344
-588.7496002	302.2787344
-588.3410998	297.1201492
-587.926639	291.9434843
-587.926639	291.9434843
-587.5082339	286.7513162
-587.0880448	281.5460875
-587.0880448	281.5460875
-586.6683316	276.3301172
-586.251415	271.1056258
-586.251415	271.1056258
-585.8395647	265.8747312
-585.4341052	260.6393482
-585.4341052	260.6393482
-585.0334313	255.4009276
-584.6347846	250.1607258
-584.6347846	250.1607258
-584.2353983	244.9199785
-583.832631	239.6799334
-583.832631	239.6799334
-583.4247202	234.4419653
-583.0108064	229.2076125
-583.0108064	229.2076125
-582.5920611	223.9787388
-582.1721463	218.7576248
-582.1721463	218.7576248
-581.7549518	213.5466585
-581.3432707	208.3481617
-581.3432707	208.3481617
-580.9225372	203.1620362
-580.4588599	197.9854884
-580.4588599	197.9854884
-579.9145463	192.8153193
-579.2564559	187.6491729
-579.2564559	187.6491729
-578.8770492	185.0637217
-578.453391	182.4851521
-577.9826391	179.8986789
-577.467364	177.3207063
-577.467364	177.3207063
-576.8986769	174.7342825
-576.2907821	172.1567921
-575.6394141	169.5718899
-574.9486125	166.9972457
-574.9486125	166.9972457
-573.4716439	161.8463184
-571.8855391	156.7083026
-571.8855391	156.7083026
-570.1986911	151.5880873
-568.4122379	146.4911938
-568.4122379	146.4911938
-566.5255894	141.4234644
-564.5250212	136.3929865
-564.5250212	136.3929865
-563.4773384	133.8924832
-562.3882378	131.4097395
-561.2548564	128.938692
-560.0804467	126.4868783
-560.0804467	126.4868783
-558.8443962	124.0507499
-557.5606535	121.6394126
-556.2219152	119.2401377
-554.8359609	116.8678243
-554.8359609	116.8678243
-551.9916371	112.1476351
-549.1007008	107.4585029
-549.1007008	107.4585029
-546.1827013	102.797867
-543.2503947	98.16560465
-543.2503947	98.16560465
-540.3199702	93.56069215
-537.4080412	88.98225669
-537.4080412	88.98225669
-534.5312125	84.42975465
-531.7036644	79.90381892
-531.7036644	79.90381892
-528.8990847	75.41879882
-526.0441193	71.00489718
-526.0441193	71.00489718
-525.070828	69.55269623
-524.0741924	68.11641592
-523.054473	66.69643149
-522.0090611	65.28930882
-520.9409816	63.89931367
-519.8505152	62.52681114
-519.8505152	62.52681114
-518.7236422	61.16882639
-517.5723483	59.83148285
-516.3970115	58.51521961
-515.1881715	57.21002912
-513.9556917	55.92713796
-512.6999832	54.66697423
-512.6999832	54.66697423
-511.4098798	53.41913364
-510.0999929	52.19207665
-508.770657	50.98611688
-507.4113602	49.79218349
-506.0330007	48.62030906
-504.6359364	47.47079789
-504.6359364	47.47079789
-502.4994159	45.77304455
-500.3313278	44.11579379
-498.1266008	42.49542513
-495.891696	40.91693968
-495.891696	40.91693968
-494.3944175	39.87844683
-492.8817014	38.86257267
-491.3538894	37.86954664
-489.8094847	36.89845418
-488.2506438	35.95070886
-486.6777194	35.02652525
-486.6777194	35.02652525
-485.4742846	34.35624154
-484.2605553	33.70478422
-483.0368259	33.07231138
-481.8033934	32.45897647
-480.5479853	31.85904035
-479.2832936	31.27893018
-478.0096315	30.71878956
-476.7273141	30.17875715
-476.7273141	30.17875715
-474.1297478	29.12292719
-471.514275	28.11226917
-468.8685102	27.14238747
-466.2062558	26.21873012
-466.2062558	26.21873012
-463.5149596	25.34264897
-460.8076427	24.51740455
-458.0758268	23.74070184
-455.3298216	23.01576009
-455.3298216	23.01576009
-449.8210728	21.65402953
-444.3335814	20.3659166
-444.3335814	20.3659166
-438.909143	19.10578571
-433.5647876	17.87552982
-433.5647876	17.87552982
-428.3113662	16.69023097
-423.1619132	15.56308233
-423.1619132	15.56308233
-418.13113	14.5067286
-413.235364	13.53370436
-413.235364	13.53370436
-408.4932922	12.65558167
-403.9314445	11.87321459
-403.9314445	11.87321459
-399.5805499	11.18398579
-395.4488717	10.63202723
-395.4488717	10.63202723
-395.0479043	10.58729981
-394.6462296	10.54944746
-394.2439655	10.5184813
-393.8412299	10.49441041
-393.4381411	10.47724186
-393.0348173	10.46698068
-392.6313769	10.46362989
-392.2279383	10.46719047
-391.8246199	10.47766137
-391.4215401	10.49503952
-391.0140805	10.51964661
-390.6071086	10.55131186
-390.2007466	10.59002576
-389.7951166	10.63577668
-389.3903404	10.68855086
-388.9865397	10.74833247
-388.5838358	10.81510354
-388.1823495	10.88884401
-387.7822017	10.96953173
-387.3835123	11.05714246
-387.3835123	11.05714246
-386.5684988	11.28780207
-385.7578342	11.5333092
-384.9517889	11.79358193
-384.1506319	12.06853343
-383.3546305	12.35807198
-382.5911532	12.65140283
-381.8329679	12.95815312
-381.0803105	13.27822741
-380.3334152	13.61152615
-379.5925143	13.95794565
-379.5925143	13.95794565
-379.1402492	14.19527305
-378.6923735	14.44078337
-378.2490352	14.69439547
-377.8103807	14.95602551
-377.3765552	15.22558702
-376.947702	15.50299089
-376.5239628	15.78814544
-376.1054778	16.08095641
-375.6929472	16.38091056
-375.2859302	16.68830478
-374.884561	17.00303774
-374.488972	17.32500571
-374.0992936	17.65410253
-373.7156541	17.99021975
-373.3381801	18.33324655
-372.9669959	18.68306987
-372.9669959	18.68306987
-372.3975734	19.34543398
-371.8398826	20.01770563
-371.2940958	20.69967703
-370.7603817	21.39113745
-370.2389053	22.09187317
-369.7275618	22.80488653
-369.2288886	23.52681813
-368.7430412	24.25744284
-368.270171	24.99653283
-367.8104256	25.74385763
-367.8104256	25.74385763
-367.5359327	26.37867925
-367.272086	27.01799902
-367.0189593	27.66163842
-366.7766231	28.30941771
-366.5451452	28.961156
-366.3245901	29.61667131
-366.1150196	30.27578057
-365.8988701	30.99911909
-365.69595	31.72627978
-365.5063269	32.45702071
-365.3300639	33.19109875
-365.1672196	33.92826966
-365.0178481	34.66828817
-364.8819993	35.41090807
-364.8819993	35.41090807
-363.8139021	40.84674432
-362.8021473	46.45763199
-362.8021473	46.45763199
-361.733461	52.11485556
-360.5779374	57.76911156
-360.5779374	57.76911156
-359.3556712	63.4205478
-358.0895447	69.07274117
-358.0895447	69.07274117
-356.8056079	74.73295608
-355.5298437	80.40864503
-355.5298437	80.40864503
-354.2842384	86.10322506
-353.0452663	91.7730341
-353.0452663	91.7730341
-352.8785958	92.5566478
-352.6991395	93.33743264
-352.5069455	94.11518002
-352.3020652	94.88968214
-352.0845531	95.66073208
-351.8544675	96.42812384
-351.6118698	97.1916524
-351.3335341	98.01847539
-351.0405261	98.84021338
-350.7329387	99.65660604
-350.4108692	100.4673947
-350.0744198	101.2723225
-349.723697	102.0711345
-349.723697	102.0711345
-349.3627404	102.8088664
-348.989914	103.5406714
-348.6053151	104.2663584
-348.2090439	104.9857382
-347.801204	105.6986229
-347.3819017	106.4048266
-346.8811126	107.2156999
-346.3652121	108.0170437
-345.8343814	108.8085764
-345.2888071	109.5900198
-344.7286809	110.3610995
-344.7286809	110.3610995
-344.1677524	111.0961031
-343.5932372	111.8205363
-343.0053344	112.5341478
-342.4042479	113.2366903
-341.7901859	113.9279204
-341.1779008	114.5921179
-340.5536353	115.2450681
-339.917596	115.8865548
-339.2699933	116.516366
-338.6110415	117.1342931
-338.6110415	117.1342931
-338.2971182	117.4502698
-337.9779347	117.7609321
-337.6535811	118.0661923
-337.3241486	118.3659646
-336.9897302	118.6601643
-336.6504202	118.9487086
-336.3063141	119.2315162
-335.9575089	119.5085073
-335.6041029	119.7796038
-335.2461958	120.0447295
-334.8650097	120.317059
-334.4790746	120.5826157
-334.0885108	120.8413168
-333.6934403	121.0930816
-333.293986	121.3378315
-332.8902726	121.5754904
-332.4824259	121.8059841
-332.0705731	122.0292407
-331.6548426	122.2451907
-331.6548426	122.2451907
-330.9005031	122.5714375
-330.140973	122.8854106
-329.3764519	123.1870273
-328.607141	123.4762083
-327.8332423	123.7528777
-327.0285255	124.0256858
-326.2193487	124.2849659
-325.4059392	124.5306452
-324.5885257	124.7626547
-323.7673378	124.9809291
-323.7673378	124.9809291
-322.7038767	125.257254
-321.6358539	125.5153865
-320.5635807	125.7552514
-319.4873695	125.9767789
-318.3807927	126.1846928
-317.2707485	126.3732199
-316.1575767	126.5423025
-315.0416177	126.6918889
-315.0416177	126.6918889
-312.7475869	126.952006
-310.449503	127.1734752
-308.084366	127.3607346
-305.7163439	127.507058
-305.7163439	127.507058
-300.8566358	127.7439956
-295.8908522	127.9124472
-295.8908522	127.9124472
-290.8379691	128.0412001
-285.7234308	128.1351951
-285.7234308	128.1351951
-280.5806752	128.1710551
-275.4434781	128.1227745
-275.4434781	128.1227745
-272.8933927	128.0691739
-270.3448239	127.9661889
-267.8390548	127.816657
-265.3365916	127.6193854
-265.3365916	127.6193854
-264.7994852	127.5595886
-264.2634483	127.4908621
-263.7286293	127.4132249
-263.1951763	127.3266985
-262.663237	127.2313069
-262.1329589	127.1270765
-261.6044886	127.0140361
-261.0779727	126.8922171
-260.5535568	126.7616532
-259.9809931	126.6084459
-259.4113208	126.4448145
-258.8447299	126.2708132
-258.281409	126.0865003
-257.7215458	125.891937
-257.1653268	125.6871881
-256.6129373	125.4723219
-256.0645612	125.2474099
-256.0645612	125.2474099
-255.1975451	124.8767651
-254.3365217	124.4924045
-253.481708	124.0944248
-252.6333192	123.6829265
-251.7915692	123.2580131
-250.9549406	122.8188664
-250.1254031	122.3664674
-249.3031667	121.9009307
-248.4884393	121.4223739
-247.6814272	120.9309183
-247.6814272	120.9309183
-246.6656778	120.3242633
-245.6613369	119.6989024
-244.6687488	119.05505
-243.688254	118.3929269
-242.7324953	117.721576
-241.7891696	117.0328647
-240.8585922	116.3270232
-239.941074	115.6042873
-239.941074	115.6042873
-239.3610823	115.1121604
-238.7892957	114.6105236
-238.2258702	114.0995138
-237.6709594	113.5792702
-237.1247147	113.0499348
-236.5872849	112.5116518
-236.0659172	111.9720396
-235.5534082	111.4240067
-235.0498938	110.8676986
-234.5555076	110.3032627
-234.0703808	109.730849
-233.5946421	109.1506092
-233.5946421	109.1506092
-232.8963424	108.2734373
-232.2147767	107.3832007
-231.5501892	106.4802186
-230.9028183	105.5648149
-230.2732891	104.6379083
-229.6614119	103.6992554
-229.0674059	102.7491924
-228.4914838	101.7880594
-228.4914838	101.7880594
-228.0460393	101.0155173
-227.6152188	100.2347255
-227.1991749	99.44596085
-226.7980552	98.649503
-226.4120018	97.84563426
-226.044261	97.04161072
-225.6915925	96.23086291
-225.354119	95.41367334
-225.0319583	94.59032677
-224.7252225	93.7611101
-224.7252225	93.7611101
-224.4406356	92.92958345
-224.1717488	92.09284806
-223.9186572	91.25120033
-223.6814505	90.40493841
-223.4602128	89.55436206
-223.254576	88.69783302
-223.0651325	87.83757745
-222.8919496	86.97390148
-222.735089	86.10711244
-222.5946065	85.23751876
-222.5946065	85.23751876
-222.3944974	83.7656274
-222.2162151	82.29093311
-222.0597988	80.81375953
-221.9225405	79.30150994
-221.8081988	77.78735518
-221.7168	76.2716425
-221.7168	76.2716425
-221.4255987	71.59790765
-221.1519762	66.80141023
-221.1519762	66.80141023
-220.9457849	61.91016309
-220.8535294	56.95013703
-220.8535294	56.95013703
-220.8934133	51.93807564
-221.0649585	46.88395118
-221.0649585	46.88395118
-221.3653629	41.7960956
-221.7894768	36.68122126
-221.7894768	36.68122126
-222.3299125	31.54450295
-222.9746261	26.38871343
-222.9746261	26.38871343
-223.7060235	21.2139041
-224.503918	16.01859306
-224.503918	16.01859306
-225.3476855	10.80066095
-226.2165328	5.557511803
-226.2165328	5.557511803
-227.089708	0.286205683
-227.9496158	-5.015287181
-227.9496158	-5.015287181
-228.788944	-10.34531552
-229.6087901	-15.69923509
-229.6087901	-15.69923509
-230.4112158	-21.07220896
-231.1983584	-26.4595043
-231.1983584	-26.4595043
-231.9723934	-31.85645555
-232.735516	-37.25844981
-232.735516	-37.25844981
-233.4900463	-42.66083218
-234.2387692	-48.05874959
-234.2387692	-48.05874959
-234.9853829	-53.44693903
-235.7343693	-58.81975231
-235.7343693	-58.81975231
-236.4902038	-64.17139125
-237.2572451	-69.49591311
-237.2572451	-69.49591311
-238.0394228	-74.7873049
-238.8336739	-80.04195584
-238.8336739	-80.04195584
-239.6286537	-85.25909734
-240.4103186	-90.43861501
-240.4103186	-90.43861501
-241.1582945	-95.58237774
-241.8468987	-100.6937602
-241.8468987	-100.6937602
-242.4527686	-105.7747364
-242.9569001	-110.8251106
-242.9569001	-110.8251106
-243.1660331	-113.3331157
-243.3411833	-115.8437229
-243.4812727	-118.335317
-243.5878919	-120.8285675
-243.6080653	-130.6820674
-243.5090021	-133.1110398
-243.3642357	-135.5377171
-243.1758293	-137.9383671
-242.9426947	-140.3350869
-242.9426947	-140.3350869
-242.7627508	-141.91684
-242.553493	-143.4949825
-242.3149934	-145.0689713
-242.0487878	-146.6301911
-241.7538128	-148.1862318
-241.4301689	-149.7365632
-241.4301689	-149.7365632
-241.1631687	-150.8945189
-240.8741145	-152.0471672
-240.5631115	-153.1940881
-240.2302731	-154.3348637
-239.873174	-155.4769582
-239.494189	-156.6119781
-239.0934581	-157.739504
-238.6711295	-158.8591192
-238.6711295	-158.8591192
-238.0698533	-160.3525878
-237.4397171	-161.8341107
-236.780958	-163.3031301
-236.0885512	-164.7699885
-235.3676058	-166.223033
-234.6183973	-167.6617085
-234.6183973	-167.6617085
-234.0420938	-168.7417975
-233.4487007	-169.8125928
-232.8383678	-170.873824
-232.2112494	-171.9252233
-231.5609907	-172.9768737
-230.8939384	-174.0179531
-230.2102644	-175.0481932
-229.5101447	-176.0673288
-229.5101447	-176.0673288
-228.918988	-176.8836042
-228.3145072	-177.6900622
-227.6968653	-178.4864855
-227.0662288	-179.2726593
-226.4227677	-180.0483716
-225.7492911	-180.8333187
-225.062683	-181.6068055
-224.3631383	-182.3686124
-223.6508556	-183.1185231
-222.9260373	-183.8563246
-222.9260373	-183.8563246
-221.6692662	-185.1003848
-220.3937116	-186.3251786
-219.099669	-187.5304225
-217.7566193	-188.7432449
-216.3948485	-189.9350087
-215.0146867	-191.1054249
-215.0146867	-191.1054249
-212.8758307	-192.8687287
-210.7047465	-194.5921958
-208.4569707	-196.3091093
-206.1772119	-197.9833221
-206.1772119	-197.9833221
-203.8225623	-199.6468571
-201.4434948	-201.2752802
-198.9991549	-202.8952159
-196.5306514	-204.4780866
-196.5306514	-204.4780866
-191.4821664	-207.6163102
-186.3438924	-210.7171038
-186.3438924	-210.7171038
-181.1581717	-213.8049858
-175.9628865	-216.9008913
-175.9628865	-216.9008913
-170.7902561	-220.0210656
-165.6600336	-223.1712296
-165.6600336	-223.1712296
-160.5719979	-226.3402529
-155.5203099	-229.5121532
-155.5203099	-229.5121532
-150.5001013	-232.6714643
-145.5076331	-235.8032748
-145.5076331	-235.8032748
-140.5404929	-238.893264
-135.5993459	-241.9290191
-135.5993459	-241.9290191
-130.6905904	-244.9020578
-125.8211457	-247.803414
-125.8211457	-247.803414
-120.9786721	-250.6075741
-116.1287641	-253.2702407
-116.1287641	-253.2702407
-114.5099619	-254.1195661
-112.8784049	-254.944124
-111.2344719	-255.743723
-109.5875495	-256.5140488
-107.9291408	-257.2593247
-106.259627	-257.9793796
-106.259627	-257.9793796
-103.7377791	-258.9905217
-101.1954852	-259.9490972
-98.66226444	-260.8449718
-96.11118647	-261.6886541
-96.11118647	-261.6886541
-91.09172732	-263.2459853
-86.20968689	-264.654399
-86.20968689	-264.654399
-84.633148	-265.0859731
-83.04863115	-265.4872678
-81.45671782	-265.8581358
-79.90792028	-266.1882967
-78.35326203	-266.4896565
-76.79327859	-266.7621114
-76.79327859	-266.7621114
-76.02848858	-266.8796138
-75.26177966	-266.9838636
-74.49338147	-267.0748295
-73.72352413	-267.1524843
-72.95243823	-267.2168048
-72.18035471	-267.2677716
-71.41702727	-267.3049878
-70.65317522	-267.3291515
-69.88902175	-267.3402557
-69.12479011	-267.3382971
-68.36070359	-267.3232762
-67.59698544	-267.2951975
-67.59698544	-267.2951975
-66.83830926	-267.249363
-66.08058128	-267.1898765
-65.32404712	-267.1167573
-64.56895204	-267.0300292
-63.81554083	-266.9297202
-63.06405772	-266.8158629
-62.32150444	-266.6897051
-61.58132021	-266.5503189
-60.84374067	-266.3977489
-60.10900063	-266.2320436
-59.377334	-266.0532557
-58.64897369	-265.8614421
-58.64897369	-265.8614421
-57.80461582	-265.6246473
-56.96438728	-265.3735936
-56.12852885	-265.1083529
-55.29728004	-264.8290012
-54.47087907	-264.5356185
-53.70208262	-264.2484171
-52.93793247	-263.9490726
-52.17862041	-263.63766
-51.42433701	-263.3142575
-50.67527158	-262.9789463
-50.67527158	-262.9789463
-50.36207621	-262.8500224
-50.05125309	-262.7154799
-49.742903	-262.5753623
-49.43712594	-262.4297152
-49.13402104	-262.2785856
-48.8336866	-262.1220228
-48.53622001	-261.9600773
-48.24171772	-261.7928018
-47.95027522	-261.6202504
-47.66198703	-261.4424791
-47.37694661	-261.2595456
-47.09964437	-261.0745015
-46.82566537	-260.8845717
-46.55509566	-260.6898157
-46.28802026	-260.4902949
-46.02452307	-260.2860718
-45.76468686	-260.0772106
-45.50859326	-259.863777
-45.25632274	-259.645838
-45.00795453	-259.423462
-44.76356667	-259.1967189
-44.52323593	-258.96568
-44.52323593	-258.96568
-44.2521306	-258.6554769
-43.98640898	-258.3406499
-43.7261499	-258.0212923
-43.4714306	-257.6974989
-43.22232668	-257.3693659
-42.97891204	-257.0369906
-42.74125892	-256.7004715
-42.50943786	-256.3599087
-42.28351762	-256.0154031
-42.06356527	-255.667057
-41.85523154	-255.3243428
-41.65267431	-254.9781832
-41.45595056	-254.6286754
-41.26511561	-254.2759177
-41.08022314	-253.9200094
-40.90132514	-253.5610505
-40.72847193	-253.1991421
-40.56171212	-252.8343859
-40.40109262	-252.4668844
-40.24665858	-252.0967411
-40.09845346	-251.72406
-39.95651892	-251.348946
-39.95651892	-251.348946
-39.46724399	-250.1186275
-38.99731236	-248.8807915
-38.54683949	-247.6357422
-38.11593604	-246.3837854
-37.67646727	-245.036278
-37.25966882	-243.6815868
-36.86565803	-242.3200934
-36.49454582	-240.9521808
-36.49454582	-240.9521808
-35.0006838	-235.4368296
-33.59613781	-229.9773797
-33.59613781	-229.9773797
-32.27011349	-224.5797813
-31.01531817	-219.2359198
-31.01531817	-219.2359198
-29.82579674	-213.9346868
-28.69624896	-208.6654807
-28.69624896	-208.6654807
-27.62183419	-203.4190091
-26.59813129	-198.1870156
-26.59813129	-198.1870156
-25.62108963	-192.9623536
-24.68671281	-187.7408178
-24.68671281	-187.7408178
-23.79112503	-182.5203331
-22.93073043	-177.2997544
-22.93073043	-177.2997544
-22.10210806	-172.0795373
-21.30214598	-166.8602779
-21.30214598	-166.8602779
-20.52804511	-161.6424875
-19.77726735	-156.4266007
-19.77726735	-156.4266007
-19.04749794	-151.2129817
-18.33665587	-146.0017865
-18.33665587	-146.0017865
-17.6428868	-140.7929027
-16.96450111	-135.586185
-16.96450111	-135.586185
-16.29997887	-130.381358
-15.64797218	-125.1777627
-15.64797218	-125.1777627
-15.00724324	-119.9746776
-14.37669366	-114.7714369
-14.37669366	-114.7714369
-13.75530831	-109.5674286
-13.14214917	-104.3620942
-13.14214917	-104.3620942
-12.53638473	-99.15493021
-11.93725406	-93.94548707
-11.93725406	-93.94548707
-11.34406035	-88.73336983
-10.75615295	-83.51823903
-10.75615295	-83.51823903
-10.17293892	-78.29981522
-9.593896847	-73.07789059
-9.593896847	-73.07789059
-9.018535938	-67.85231332
-8.446426017	-62.62297833
-8.446426017	-62.62297833
-7.877158373	-57.38982677
-7.310358382	-52.15284288
-7.310358382	-52.15284288
-6.745666041	-46.91205283
-6.182759468	-41.66752011
-6.182759468	-41.66752011
-5.621343483	-36.41934343
-5.06113592	-31.16765536
-5.06113592	-31.16765536
-4.501866418	-25.91262025
-3.943304045	-20.65442836
-3.943304045	-20.65442836
-3.385214458	-15.39329893
-2.827393047	-10.12947401
-2.827393047	-10.12947401
-2.269650876	-4.863218557
-1.711802982	0.405178923
